part_id,sheet,body_name,body_label,assembly,good_face_normal,x_mm,y_mm,rotation_deg,width_mm,height_mm,dxf_file
P014,1,Cabinet2TopInnerBody,Top — inner001,Cabinet 2 — front right,-Z,0.0,0.0,0,969.2,766.0,profiles/Cabinet2TopInnerBody.dxf
P046,1,Cabinet4FrontBottomStripInnerBody,FrontBottomStrip — inner003,Cabinet 4 — front right,+Z,974.2,0.0,0,154.4,766.0,profiles/Cabinet4FrontBottomStripInnerBody.dxf
P013,2,Cabinet2TopOuterBody,Top — outer001,Cabinet 2 — front right,+Z,0.0,0.0,0,969.2,766.0,profiles/Cabinet2TopOuterBody.dxf
P045,2,Cabinet4FrontBottomStripOuterBody,FrontBottomStrip — outer003,Cabinet 4 — front right,-Z,974.2,0.0,0,154.4,766.0,profiles/Cabinet4FrontBottomStripOuterBody.dxf
P171,3,Cabinet3DrawerBottomBody,Drawer bottom — single ply002,Cabinet 3 drawer,+Z,0.0,0.0,0,947.8,693.4,profiles/Cabinet3DrawerBottomBody.dxf
P054,4,Cabinet5RightSideInnerBody,RightSide — inner,Cabinet 5 — front against wall,-X,0.0,0.0,90,359.6,512.0,profiles/Cabinet5RightSideInnerBody.dxf
P053,4,Cabinet5RightSideOuterBody,RightSide — outer,Cabinet 5 — front against wall,+X,364.6,0.0,90,359.6,512.0,profiles/Cabinet5RightSideOuterBody.dxf
P063,4,Cabinet6LeftSideOuterBody,LeftSide — outer001,Cabinet 6 — front against wall,-X,729.2,0.0,90,359.6,512.0,profiles/Cabinet6LeftSideOuterBody.dxf
P136,4,Cabinet2DrawerSideLowOuterBody,Drawer side — lowouter001,Cabinet 2 drawer,-Y,0.0,517.0,0,947.8,177.8,profiles/Cabinet2DrawerSideLowOuterBody.dxf
P144,4,Cabinet2DrawerLowSlideLayer2Body,Drawer slide — low side — layer 002,Cabinet 2 drawer,+Y,0.0,699.8,0,928.4,25.4,profiles/Cabinet2DrawerLowSlideLayer2Body.dxf
P143,4,Cabinet2DrawerLowSlideLayer1Body,Drawer slide — low side — layer 001,Cabinet 2 drawer,-Y,0.0,730.1999999999999,0,928.4,25.4,profiles/Cabinet2DrawerLowSlideLayer1Body.dxf
P066,5,Cabinet6RightSideInnerBody,RightSide — inner001,Cabinet 6 — front against wall,-X,729.2,0.0,90,359.6,512.0,profiles/Cabinet6RightSideInnerBody.dxf
P064,5,Cabinet6LeftSideInnerBody,LeftSide — inner001,Cabinet 6 — front against wall,+X,0.0,0.0,90,359.6,512.0,profiles/Cabinet6LeftSideInnerBody.dxf
P065,5,Cabinet6RightSideOuterBody,RightSide — outer001,Cabinet 6 — front against wall,+X,364.6,0.0,90,359.6,512.0,profiles/Cabinet6RightSideOuterBody.dxf
P137,5,Cabinet2DrawerSideLowInnerBody,Drawer side — lowinner001,Cabinet 2 drawer,+Y,0.0,517.0,0,947.8,177.8,profiles/Cabinet2DrawerSideLowInnerBody.dxf
P092,6,Cabinet8BackInnerBody,Back — inner007,"Cabinet 8 — right bedside table, front away from wall",-Y,0.0,0.0,90,359.6,512.0,profiles/Cabinet8BackInnerBody.dxf
P217,6,Cabinet7LowerDrawerCombinedFaceFrameOuterBody,Cabinet 7 drawer combined face frame — outer,"Cabinet 7 — left bedside table, front away from wall",-Y,364.6,0.0,90,359.6,512.0,profiles/Cabinet7LowerDrawerCombinedFaceFrameOuterBody.dxf
P219,6,Cabinet7LowerDrawerFaceOuterBody,Drawer face — outer004,Cabinet 7 lower drawer,-Y,556.0,25.19999999999997,90,143.0,461.6,profiles/Cabinet7LowerDrawerFaceOuterBody.dxf
P271,6,Cabinet7UpperDrawerFaceOuterBody,Drawer face — outer006,Cabinet 7 upper drawer,-Y,389.80000000000007,25.19999999999997,90,143.0,461.6,profiles/Cabinet7UpperDrawerFaceOuterBody.dxf
P218,6,Cabinet7LowerDrawerCombinedFaceFrameInnerBody,Cabinet 7 drawer combined face frame — inner,"Cabinet 7 — left bedside table, front away from wall",+Y,729.2,0.0,90,359.6,512.0,profiles/Cabinet7LowerDrawerCombinedFaceFrameInnerBody.dxf
P220,6,Cabinet7LowerDrawerFaceInnerBody,Drawer face — inner004,Cabinet 7 lower drawer,+Y,920.6000000000001,25.199999999996066,90,143.0,461.6,profiles/Cabinet7LowerDrawerFaceInnerBody.dxf
P272,6,Cabinet7UpperDrawerFaceInnerBody,Drawer face — inner006,Cabinet 7 upper drawer,+Y,754.4000000000002,25.199999999996066,90,143.0,461.6,profiles/Cabinet7UpperDrawerFaceInnerBody.dxf
P139,6,Cabinet2DrawerSideHighOuterBody,Drawer side — highouter001,Cabinet 2 drawer,+Y,0.0,517.0,0,947.8,177.8,profiles/Cabinet2DrawerSideHighOuterBody.dxf
P145,6,Cabinet2DrawerHighSlideLayer1Body,Drawer slide — high side — layer 001,Cabinet 2 drawer,-Y,0.0,699.8,0,928.4,25.4,profiles/Cabinet2DrawerHighSlideLayer1Body.dxf
P146,6,Cabinet2DrawerHighSlideLayer2Body,Drawer slide — high side — layer 002,Cabinet 2 drawer,+Y,0.0,730.1999999999999,0,928.4,25.4,profiles/Cabinet2DrawerHighSlideLayer2Body.dxf
P080,7,Cabinet7BackInnerBody,Back — inner006,"Cabinet 7 — left bedside table, front away from wall",-Y,364.6,0.0,90,359.6,512.0,profiles/Cabinet7BackInnerBody.dxf
P079,7,Cabinet7BackOuterBody,Back — outer006,"Cabinet 7 — left bedside table, front away from wall",+Y,0.0,0.0,90,359.6,512.0,profiles/Cabinet7BackOuterBody.dxf
P091,7,Cabinet8BackOuterBody,Back — outer007,"Cabinet 8 — right bedside table, front away from wall",+Y,729.2,0.0,90,359.6,512.0,profiles/Cabinet8BackOuterBody.dxf
P138,7,Cabinet2DrawerSideHighInnerBody,Drawer side — highinner001,Cabinet 2 drawer,-Y,0.0,517.0,0,947.8,177.8,profiles/Cabinet2DrawerSideHighInnerBody.dxf
P001,8,Cabinet1TopOuterBody,Top — outer,Cabinet 1 — front left,+Z,0.0,0.0,0,969.2,766.0,profiles/Cabinet1TopOuterBody.dxf
P035,8,Cabinet3BackBottomStripOuterBody,BackBottomStrip — outer002,Cabinet 3 — front left,-Z,974.2,0.0,0,154.4,766.0,profiles/Cabinet3BackBottomStripOuterBody.dxf
P002,9,Cabinet1TopInnerBody,Top — inner,Cabinet 1 — front left,-Z,0.0,0.0,0,969.2,766.0,profiles/Cabinet1TopInnerBody.dxf
P036,9,Cabinet3BackBottomStripInnerBody,BackBottomStrip — inner002,Cabinet 3 — front left,+Z,974.2,0.0,0,154.4,766.0,profiles/Cabinet3BackBottomStripInnerBody.dxf
P032,10,Cabinet3BackInnerBody,Back — inner002,Cabinet 3 — front left,-X,729.2,0.0,90,359.6,766.0,profiles/Cabinet3BackInnerBody.dxf
P020,10,Cabinet2BackInnerBody,Back — inner001,Cabinet 2 — front right,+X,0.0,0.0,90,359.6,766.0,profiles/Cabinet2BackInnerBody.dxf
P031,10,Cabinet3BackOuterBody,Back — outer002,Cabinet 3 — front left,+X,364.6,0.0,90,359.6,766.0,profiles/Cabinet3BackOuterBody.dxf
P008,11,Cabinet1BackInnerBody,Back — inner,Cabinet 1 — front left,-X,364.6,0.0,90,359.6,766.0,profiles/Cabinet1BackInnerBody.dxf
P007,11,Cabinet1BackOuterBody,Back — outer,Cabinet 1 — front left,+X,0.0,0.0,90,359.6,766.0,profiles/Cabinet1BackOuterBody.dxf
P019,11,Cabinet2BackOuterBody,Back — outer001,Cabinet 2 — front right,-X,729.2,0.0,90,359.6,766.0,profiles/Cabinet2BackOuterBody.dxf
P056,12,Cabinet5BackInnerBody,Back — inner004,Cabinet 5 — front against wall,+Y,0.0,0.0,0,969.2,359.6,profiles/Cabinet5BackInnerBody.dxf
P055,12,Cabinet5BackOuterBody,Back — outer004,Cabinet 5 — front against wall,-Y,0.0,364.6,0,969.2,359.6,profiles/Cabinet5BackOuterBody.dxf
P026,13,Cabinet3TopInnerBody,Top — inner002,Cabinet 3 — front left,-Z,0.0,0.0,0,969.2,766.0,profiles/Cabinet3TopInnerBody.dxf
P048,13,Cabinet4BackBottomStripInnerBody,BackBottomStrip — inner003,Cabinet 4 — front right,+Z,974.2,0.0,0,154.4,766.0,profiles/Cabinet4BackBottomStripInnerBody.dxf
P025,14,Cabinet3TopOuterBody,Top — outer002,Cabinet 3 — front left,+Z,0.0,0.0,0,969.2,766.0,profiles/Cabinet3TopOuterBody.dxf
P047,14,Cabinet4BackBottomStripOuterBody,BackBottomStrip — outer003,Cabinet 4 — front right,-Z,974.2,0.0,0,154.4,766.0,profiles/Cabinet4BackBottomStripOuterBody.dxf
P227,15,Cabinet7LowerDrawerBottomBody,Drawer bottom — single ply004,Cabinet 7 lower drawer,+Z,0.0,0.0,0,439.4,490.6,profiles/Cabinet7LowerDrawerBottomBody.dxf
P254,15,Cabinet8LowerDrawerBottomBody,Drawer bottom — single ply005,Cabinet 8 lower drawer,+Z,444.4,0.0,0,439.4,490.6,profiles/Cabinet8LowerDrawerBottomBody.dxf
P169,15,Cabinet3DrawerBackInnerBody,Drawer back — inner002,Cabinet 3 drawer,-X,1016.0,0.0,90,177.8,693.4,profiles/Cabinet3DrawerBackInnerBody.dxf
P170,15,Cabinet3DrawerBackOuterBody,Drawer back — outer002,Cabinet 3 drawer,+X,0.0,495.6,0,693.4,177.8,profiles/Cabinet3DrawerBackOuterBody.dxf
P252,15,Cabinet8LowerDrawerBackInnerBody,Drawer back — inner005,Cabinet 8 lower drawer,-Y,888.8,0.0,90,100.0,439.4,profiles/Cabinet8LowerDrawerBackInnerBody.dxf
P253,15,Cabinet8LowerDrawerBackOuterBody,Drawer back — outer005,Cabinet 8 lower drawer,+Y,0.0,678.4000000000001,0,439.4,100.0,profiles/Cabinet8LowerDrawerBackOuterBody.dxf
P142,16,Cabinet2DrawerBottomBody,Drawer bottom — single ply001,Cabinet 2 drawer,+Z,0.0,0.0,0,947.8,693.4,profiles/Cabinet2DrawerBottomBody.dxf
P304,17,Cabinet8UpperDrawerBottomBody,Drawer bottom — single ply007,Cabinet 8 upper drawer,+Z,0.0,0.0,0,439.4,490.6,profiles/Cabinet8UpperDrawerBottomBody.dxf
P279,17,Cabinet7UpperDrawerBottomBody,Drawer bottom — single ply006,Cabinet 7 upper drawer,+Z,444.4,0.0,0,439.4,490.6,profiles/Cabinet7UpperDrawerBottomBody.dxf
P127,17,Cabinet1DrawerCabinetLowChannelBackLayer2Body,Cabinet 1 drawer cabinet low channel back — layer 2,Cabinet 1 — front left,+Y,0.0,495.6,0,914.8,79.2,profiles/Cabinet1DrawerCabinetLowChannelBackLayer2Body.dxf
P126,17,Cabinet1DrawerCabinetLowChannelBackLayer1Body,Cabinet 1 drawer cabinet low channel back — layer 1,Cabinet 1 — front left,-Y,0.0,579.8000000000001,0,914.8,79.2,profiles/Cabinet1DrawerCabinetLowChannelBackLayer1Body.dxf
P119,17,Cabinet1DrawerCabinetLowSupportLayer4Body,Cabinet 1 drawer cabinet lowsupport strip — layer 4,Cabinet 1 — front left,+Y,0.0,664.0000000000001,0,914.8,25.4,profiles/Cabinet1DrawerCabinetLowSupportLayer4Body.dxf
P121,17,Cabinet1DrawerCabinetLowAntiTipLayer4Body,Cabinet 1 drawer cabinet lowantitip strip — layer 4,Cabinet 1 — front left,+Y,0.0,694.4000000000001,0,914.8,25.4,profiles/Cabinet1DrawerCabinetLowAntiTipLayer4Body.dxf
P118,17,Cabinet1DrawerCabinetLowSupportLayer3Body,Cabinet 1 drawer cabinet lowsupport strip — layer 3,Cabinet 1 — front left,-Y,0.0,724.8000000000001,0,914.8,25.4,profiles/Cabinet1DrawerCabinetLowSupportLayer3Body.dxf
P120,17,Cabinet1DrawerCabinetLowAntiTipLayer3Body,Cabinet 1 drawer cabinet lowantitip strip — layer 3,Cabinet 1 — front left,-Y,0.0,755.2,0,914.8,25.4,profiles/Cabinet1DrawerCabinetLowAntiTipLayer3Body.dxf
P003,18,Cabinet1LowerSideOuterBody,LowerSide — outer,Cabinet 1 — front left,-Y,0.0,0.0,0,969.2,359.6,profiles/Cabinet1LowerSideOuterBody.dxf
P004,18,Cabinet1LowerSideInnerBody,LowerSide — inner,Cabinet 1 — front left,+Y,0.0,364.6,0,969.2,359.6,profiles/Cabinet1LowerSideInnerBody.dxf
P198,18,Cabinet4DrawerBackInnerBody,Drawer back — inner003,Cabinet 4 drawer,+X,974.2,0.0,90,177.8,693.4,profiles/Cabinet4DrawerBackInnerBody.dxf
P075,19,Cabinet7LeftSideOuterBody,LeftSide — outer002,"Cabinet 7 — left bedside table, front away from wall",-X,0.0,229.20000000000002,90,359.6,512.0,profiles/Cabinet7LeftSideOuterBody.dxf
P076,19,Cabinet7LeftSideInnerBody,LeftSide — inner002,"Cabinet 7 — left bedside table, front away from wall",+X,364.6,229.20000000000002,90,359.6,512.0,profiles/Cabinet7LeftSideInnerBody.dxf
P216,19,Cabinet4DrawerCabinetHighChannelBackLayer2Body,Cabinet 4 drawer cabinet high channel back — layer 2,Cabinet 4 — front right,-Y,0.0,84.2,0,914.8,79.2,profiles/Cabinet4DrawerCabinetHighChannelBackLayer2Body.dxf
P215,19,Cabinet4DrawerCabinetHighChannelBackLayer1Body,Cabinet 4 drawer cabinet high channel back — layer 1,Cabinet 4 — front right,+Y,0.0,0.0,0,914.8,79.2,profiles/Cabinet4DrawerCabinetHighChannelBackLayer1Body.dxf
P293,19,Cabinet7UpperDrawerCabinetLowChannelBackLayer2Body,Cabinet 7 upper drawer cabinet low channel back — layer 2,"Cabinet 7 — left bedside table, front away from wall",+X,729.2,481.8,0,457.6,79.2,profiles/Cabinet7UpperDrawerCabinetLowChannelBackLayer2Body.dxf
P241,19,Cabinet7LowerDrawerCabinetLowChannelBackLayer2Body,Cabinet 7 lower drawer cabinet low channel back — layer 2,"Cabinet 7 — left bedside table, front away from wall",+X,729.2,313.40000000000003,0,457.6,79.2,profiles/Cabinet7LowerDrawerCabinetLowChannelBackLayer2Body.dxf
P240,19,Cabinet7LowerDrawerCabinetLowChannelBackLayer1Body,Cabinet 7 lower drawer cabinet low channel back — layer 1,"Cabinet 7 — left bedside table, front away from wall",-X,729.2,229.20000000000002,0,457.6,79.2,profiles/Cabinet7LowerDrawerCabinetLowChannelBackLayer1Body.dxf
P292,19,Cabinet7UpperDrawerCabinetLowChannelBackLayer1Body,Cabinet 7 upper drawer cabinet low channel back — layer 1,"Cabinet 7 — left bedside table, front away from wall",-X,729.2,397.6,0,457.6,79.2,profiles/Cabinet7UpperDrawerCabinetLowChannelBackLayer1Body.dxf
P212,19,Cabinet4DrawerCabinetHighAntiTipLayer4Body,Cabinet 4 drawer cabinet highantitip strip — layer 4,Cabinet 4 — front right,-Y,0.0,198.8,0,914.8,25.4,profiles/Cabinet4DrawerCabinetHighAntiTipLayer4Body.dxf
P211,19,Cabinet4DrawerCabinetHighAntiTipLayer3Body,Cabinet 4 drawer cabinet highantitip strip — layer 3,Cabinet 4 — front right,+Y,0.0,168.4,0,914.8,25.4,profiles/Cabinet4DrawerCabinetHighAntiTipLayer3Body.dxf
P285,19,Cabinet7UpperDrawerCabinetLowSupportLayer4Body,Cabinet 7 upper drawer cabinet lowsupport strip — layer 4,"Cabinet 7 — left bedside table, front away from wall",+X,729.2,717.9999999999999,0,457.6,25.4,profiles/Cabinet7UpperDrawerCabinetLowSupportLayer4Body.dxf
P235,19,Cabinet7LowerDrawerCabinetLowAntiTipLayer4Body,Cabinet 7 lower drawer cabinet lowantitip strip — layer 4,"Cabinet 7 — left bedside table, front away from wall",+X,729.2,657.1999999999999,0,457.6,25.4,profiles/Cabinet7LowerDrawerCabinetLowAntiTipLayer4Body.dxf
P233,19,Cabinet7LowerDrawerCabinetLowSupportLayer4Body,Cabinet 7 lower drawer cabinet lowsupport strip — layer 4,"Cabinet 7 — left bedside table, front away from wall",+X,729.2,596.4,0,457.6,25.4,profiles/Cabinet7LowerDrawerCabinetLowSupportLayer4Body.dxf
P234,19,Cabinet7LowerDrawerCabinetLowAntiTipLayer3Body,Cabinet 7 lower drawer cabinet lowantitip strip — layer 3,"Cabinet 7 — left bedside table, front away from wall",-X,729.2,626.8,0,457.6,25.4,profiles/Cabinet7LowerDrawerCabinetLowAntiTipLayer3Body.dxf
P284,19,Cabinet7UpperDrawerCabinetLowSupportLayer3Body,Cabinet 7 upper drawer cabinet lowsupport strip — layer 3,"Cabinet 7 — left bedside table, front away from wall",-X,729.2,687.5999999999999,0,457.6,25.4,profiles/Cabinet7UpperDrawerCabinetLowSupportLayer3Body.dxf
P287,19,Cabinet7UpperDrawerCabinetLowAntiTipLayer4Body,Cabinet 7 upper drawer cabinet lowantitip strip — layer 4,"Cabinet 7 — left bedside table, front away from wall",+X,462.6,748.3999999999999,0,457.6,25.4,profiles/Cabinet7UpperDrawerCabinetLowAntiTipLayer4Body.dxf
P232,19,Cabinet7LowerDrawerCabinetLowSupportLayer3Body,Cabinet 7 lower drawer cabinet lowsupport strip — layer 3,"Cabinet 7 — left bedside table, front away from wall",-X,729.2,566.0,0,457.6,25.4,profiles/Cabinet7LowerDrawerCabinetLowSupportLayer3Body.dxf
P286,19,Cabinet7UpperDrawerCabinetLowAntiTipLayer3Body,Cabinet 7 upper drawer cabinet lowantitip strip — layer 3,"Cabinet 7 — left bedside table, front away from wall",-X,0.0,748.3999999999999,0,457.6,25.4,profiles/Cabinet7UpperDrawerCabinetLowAntiTipLayer3Body.dxf
P041,20,Cabinet4UpperSideOuterBody,UpperSide — outer003,Cabinet 4 — front right,+Y,0.0,0.0,0,969.2,359.6,profiles/Cabinet4UpperSideOuterBody.dxf
P042,20,Cabinet4UpperSideInnerBody,UpperSide — inner003,Cabinet 4 — front right,-Y,0.0,364.6,0,969.2,359.6,profiles/Cabinet4UpperSideInnerBody.dxf
P034,20,Cabinet3FrontBottomStripInnerBody,FrontBottomStrip — inner002,Cabinet 3 — front left,+Z,974.2,0.0,0,154.4,766.0,profiles/Cabinet3FrontBottomStripInnerBody.dxf
P210,20,Cabinet4DrawerCabinetHighSupportLayer4Body,Cabinet 4 drawer cabinet highsupport strip — layer 4,Cabinet 4 — front right,-Y,0.0,759.6,0,914.8,25.4,profiles/Cabinet4DrawerCabinetHighSupportLayer4Body.dxf
P209,20,Cabinet4DrawerCabinetHighSupportLayer3Body,Cabinet 4 drawer cabinet highsupport strip — layer 3,Cabinet 4 — front right,+Y,0.0,729.2,0,914.8,25.4,profiles/Cabinet4DrawerCabinetHighSupportLayer3Body.dxf
P039,21,Cabinet4LowerSideOuterBody,LowerSide — outer003,Cabinet 4 — front right,-Y,0.0,0.0,0,969.2,359.6,profiles/Cabinet4LowerSideOuterBody.dxf
P040,21,Cabinet4LowerSideInnerBody,LowerSide — inner003,Cabinet 4 — front right,+Y,0.0,364.6,0,969.2,359.6,profiles/Cabinet4LowerSideInnerBody.dxf
P033,21,Cabinet3FrontBottomStripOuterBody,FrontBottomStrip — outer002,Cabinet 3 — front left,-Z,1039.3999999999999,0.0,0,154.4,766.0,profiles/Cabinet3FrontBottomStripOuterBody.dxf
P006,22,Cabinet1UpperSideInnerBody,UpperSide — inner,Cabinet 1 — front left,-Y,0.0,364.6,0,969.2,359.6,profiles/Cabinet1UpperSideInnerBody.dxf
P005,22,Cabinet1UpperSideOuterBody,UpperSide — outer,Cabinet 1 — front left,+Y,0.0,0.0,0,969.2,359.6,profiles/Cabinet1UpperSideOuterBody.dxf
P199,22,Cabinet4DrawerBackOuterBody,Drawer back — outer003,Cabinet 4 drawer,-X,974.2,0.0,90,177.8,693.4,profiles/Cabinet4DrawerBackOuterBody.dxf
P123,22,Cabinet1DrawerCabinetHighSupportLayer4Body,Cabinet 1 drawer cabinet highsupport strip — layer 4,Cabinet 1 — front left,-Y,0.0,759.6,0,914.8,25.4,profiles/Cabinet1DrawerCabinetHighSupportLayer4Body.dxf
P122,22,Cabinet1DrawerCabinetHighSupportLayer3Body,Cabinet 1 drawer cabinet highsupport strip — layer 3,Cabinet 1 — front left,+Y,0.0,729.2,0,914.8,25.4,profiles/Cabinet1DrawerCabinetHighSupportLayer3Body.dxf
P030,23,Cabinet3UpperSideInnerBody,UpperSide — inner002,Cabinet 3 — front left,-Y,0.0,0.0,0,969.2,359.6,profiles/Cabinet3UpperSideInnerBody.dxf
P024,23,Cabinet2BackBottomStripInnerBody,BackBottomStrip — inner001,Cabinet 2 — front right,+Z,974.2,0.0,0,154.4,766.0,profiles/Cabinet2BackBottomStripInnerBody.dxf
P214,23,Cabinet4DrawerCabinetLowChannelBackLayer2Body,Cabinet 4 drawer cabinet low channel back — layer 2,Cabinet 4 — front right,+Y,0.0,570.4,0,914.8,79.2,profiles/Cabinet4DrawerCabinetLowChannelBackLayer2Body.dxf
P213,23,Cabinet4DrawerCabinetLowChannelBackLayer1Body,Cabinet 4 drawer cabinet low channel back — layer 1,Cabinet 4 — front right,-Y,0.0,486.19999999999993,0,914.8,79.2,profiles/Cabinet4DrawerCabinetLowChannelBackLayer1Body.dxf
P207,23,Cabinet4DrawerCabinetLowAntiTipLayer3Body,Cabinet 4 drawer cabinet lowantitip strip — layer 3,Cabinet 4 — front right,-Y,0.0,715.4,0,914.8,25.4,profiles/Cabinet4DrawerCabinetLowAntiTipLayer3Body.dxf
P183,23,Cabinet3DrawerCabinetHighAntiTipLayer4Body,Cabinet 3 drawer cabinet highantitip strip — layer 4,Cabinet 3 — front left,-Y,0.0,455.79999999999995,0,914.8,25.4,profiles/Cabinet3DrawerCabinetHighAntiTipLayer4Body.dxf
P182,23,Cabinet3DrawerCabinetHighAntiTipLayer3Body,Cabinet 3 drawer cabinet highantitip strip — layer 3,Cabinet 3 — front left,+Y,0.0,425.4,0,914.8,25.4,profiles/Cabinet3DrawerCabinetHighAntiTipLayer3Body.dxf
P205,23,Cabinet4DrawerCabinetLowSupportLayer3Body,Cabinet 4 drawer cabinet lowsupport strip — layer 3,Cabinet 4 — front right,-Y,0.0,654.6,0,914.8,25.4,profiles/Cabinet4DrawerCabinetLowSupportLayer3Body.dxf
P181,23,Cabinet3DrawerCabinetHighSupportLayer4Body,Cabinet 3 drawer cabinet highsupport strip — layer 4,Cabinet 3 — front left,-Y,0.0,395.0,0,914.8,25.4,profiles/Cabinet3DrawerCabinetHighSupportLayer4Body.dxf
P180,23,Cabinet3DrawerCabinetHighSupportLayer3Body,Cabinet 3 drawer cabinet highsupport strip — layer 3,Cabinet 3 — front left,+Y,0.0,364.6,0,914.8,25.4,profiles/Cabinet3DrawerCabinetHighSupportLayer3Body.dxf
P208,23,Cabinet4DrawerCabinetLowAntiTipLayer4Body,Cabinet 4 drawer cabinet lowantitip strip — layer 4,Cabinet 4 — front right,+Y,0.0,745.8,0,914.8,25.4,profiles/Cabinet4DrawerCabinetLowAntiTipLayer4Body.dxf
P206,23,Cabinet4DrawerCabinetLowSupportLayer4Body,Cabinet 4 drawer cabinet lowsupport strip — layer 4,Cabinet 4 — front right,+Y,0.0,685.0,0,914.8,25.4,profiles/Cabinet4DrawerCabinetLowSupportLayer4Body.dxf
P029,24,Cabinet3UpperSideOuterBody,UpperSide — outer002,Cabinet 3 — front left,+Y,0.0,229.20000000000002,0,969.2,359.6,profiles/Cabinet3UpperSideOuterBody.dxf
P023,24,Cabinet2BackBottomStripOuterBody,BackBottomStrip — outer001,Cabinet 2 — front right,-Z,974.2,0.0,0,154.4,766.0,profiles/Cabinet2BackBottomStripOuterBody.dxf
P185,24,Cabinet3DrawerCabinetLowChannelBackLayer2Body,Cabinet 3 drawer cabinet low channel back — layer 2,Cabinet 3 — front left,+Y,0.0,84.2,0,914.8,79.2,profiles/Cabinet3DrawerCabinetLowChannelBackLayer2Body.dxf
P187,24,Cabinet3DrawerCabinetHighChannelBackLayer2Body,Cabinet 3 drawer cabinet high channel back — layer 2,Cabinet 3 — front left,-Y,0.0,678.0000000000001,0,914.8,79.2,profiles/Cabinet3DrawerCabinetHighChannelBackLayer2Body.dxf
P184,24,Cabinet3DrawerCabinetLowChannelBackLayer1Body,Cabinet 3 drawer cabinet low channel back — layer 1,Cabinet 3 — front left,-Y,0.0,0.0,0,914.8,79.2,profiles/Cabinet3DrawerCabinetLowChannelBackLayer1Body.dxf
P186,24,Cabinet3DrawerCabinetHighChannelBackLayer1Body,Cabinet 3 drawer cabinet high channel back — layer 1,Cabinet 3 — front left,+Y,0.0,593.8000000000001,0,914.8,79.2,profiles/Cabinet3DrawerCabinetHighChannelBackLayer1Body.dxf
P178,24,Cabinet3DrawerCabinetLowAntiTipLayer3Body,Cabinet 3 drawer cabinet lowantitip strip — layer 3,Cabinet 3 — front left,-Y,0.0,168.4,0,914.8,25.4,profiles/Cabinet3DrawerCabinetLowAntiTipLayer3Body.dxf
P179,24,Cabinet3DrawerCabinetLowAntiTipLayer4Body,Cabinet 3 drawer cabinet lowantitip strip — layer 4,Cabinet 3 — front left,+Y,0.0,198.8,0,914.8,25.4,profiles/Cabinet3DrawerCabinetLowAntiTipLayer4Body.dxf
P015,25,Cabinet2LowerSideOuterBody,LowerSide — outer001,Cabinet 2 — front right,-Y,0.0,229.20000000000002,0,969.2,359.6,profiles/Cabinet2LowerSideOuterBody.dxf
P011,25,Cabinet1BackBottomStripOuterBody,BackBottomStrip — outer,Cabinet 1 — front left,-Z,974.2,0.0,0,154.4,766.0,profiles/Cabinet1BackBottomStripOuterBody.dxf
P128,25,Cabinet1DrawerCabinetHighChannelBackLayer1Body,Cabinet 1 drawer cabinet high channel back — layer 1,Cabinet 1 — front left,+Y,0.0,0.0,0,914.8,79.2,profiles/Cabinet1DrawerCabinetHighChannelBackLayer1Body.dxf
P129,25,Cabinet1DrawerCabinetHighChannelBackLayer2Body,Cabinet 1 drawer cabinet high channel back — layer 2,Cabinet 1 — front left,-Y,0.0,84.2,0,914.8,79.2,profiles/Cabinet1DrawerCabinetHighChannelBackLayer2Body.dxf
P156,25,Cabinet2DrawerCabinetLowChannelBackLayer2Body,Cabinet 2 drawer cabinet low channel back — layer 2,Cabinet 2 — front right,+Y,0.0,678.0000000000001,0,914.8,79.2,profiles/Cabinet2DrawerCabinetLowChannelBackLayer2Body.dxf
P155,25,Cabinet2DrawerCabinetLowChannelBackLayer1Body,Cabinet 2 drawer cabinet low channel back — layer 1,Cabinet 2 — front right,-Y,0.0,593.8000000000001,0,914.8,79.2,profiles/Cabinet2DrawerCabinetLowChannelBackLayer1Body.dxf
P125,25,Cabinet1DrawerCabinetHighAntiTipLayer4Body,Cabinet 1 drawer cabinet highantitip strip — layer 4,Cabinet 1 — front left,-Y,0.0,198.8,0,914.8,25.4,profiles/Cabinet1DrawerCabinetHighAntiTipLayer4Body.dxf
P124,25,Cabinet1DrawerCabinetHighAntiTipLayer3Body,Cabinet 1 drawer cabinet highantitip strip — layer 3,Cabinet 1 — front left,+Y,0.0,168.4,0,914.8,25.4,profiles/Cabinet1DrawerCabinetHighAntiTipLayer3Body.dxf
P282,25,Cabinet7UpperDrawerHighSlideLayer1Body,Drawer slide — high side — layer 011,Cabinet 7 upper drawer,-X,1133.6000000000001,0.0,90,25.4,471.2,profiles/Cabinet7UpperDrawerHighSlideLayer1Body.dxf
P283,25,Cabinet7UpperDrawerHighSlideLayer2Body,Drawer slide — high side — layer 012,Cabinet 7 upper drawer,+X,1164.0000000000002,0.0,90,25.4,471.2,profiles/Cabinet7UpperDrawerHighSlideLayer2Body.dxf
P016,26,Cabinet2LowerSideInnerBody,LowerSide — inner001,Cabinet 2 — front right,+Y,0.0,0.0,0,969.2,359.6,profiles/Cabinet2LowerSideInnerBody.dxf
P012,26,Cabinet1BackBottomStripInnerBody,BackBottomStrip — inner,Cabinet 1 — front left,+Z,974.2,0.0,0,154.4,766.0,profiles/Cabinet1BackBottomStripInnerBody.dxf
P157,26,Cabinet2DrawerCabinetHighChannelBackLayer1Body,Cabinet 2 drawer cabinet high channel back — layer 1,Cabinet 2 — front right,+Y,0.0,486.19999999999993,0,914.8,79.2,profiles/Cabinet2DrawerCabinetHighChannelBackLayer1Body.dxf
P158,26,Cabinet2DrawerCabinetHighChannelBackLayer2Body,Cabinet 2 drawer cabinet high channel back — layer 2,Cabinet 2 — front right,-Y,0.0,570.4,0,914.8,79.2,profiles/Cabinet2DrawerCabinetHighChannelBackLayer2Body.dxf
P154,26,Cabinet2DrawerCabinetHighAntiTipLayer4Body,Cabinet 2 drawer cabinet highantitip strip — layer 4,Cabinet 2 — front right,-Y,0.0,745.8,0,914.8,25.4,profiles/Cabinet2DrawerCabinetHighAntiTipLayer4Body.dxf
P153,26,Cabinet2DrawerCabinetHighAntiTipLayer3Body,Cabinet 2 drawer cabinet highantitip strip — layer 3,Cabinet 2 — front right,+Y,0.0,715.4,0,914.8,25.4,profiles/Cabinet2DrawerCabinetHighAntiTipLayer3Body.dxf
P152,26,Cabinet2DrawerCabinetHighSupportLayer4Body,Cabinet 2 drawer cabinet highsupport strip — layer 4,Cabinet 2 — front right,-Y,0.0,685.0,0,914.8,25.4,profiles/Cabinet2DrawerCabinetHighSupportLayer4Body.dxf
P151,26,Cabinet2DrawerCabinetHighSupportLayer3Body,Cabinet 2 drawer cabinet highsupport strip — layer 3,Cabinet 2 — front right,+Y,0.0,654.6,0,914.8,25.4,profiles/Cabinet2DrawerCabinetHighSupportLayer3Body.dxf
P148,26,Cabinet2DrawerCabinetLowSupportLayer4Body,Cabinet 2 drawer cabinet lowsupport strip — layer 4,Cabinet 2 — front right,+Y,0.0,395.0,0,914.8,25.4,profiles/Cabinet2DrawerCabinetLowSupportLayer4Body.dxf
P150,26,Cabinet2DrawerCabinetLowAntiTipLayer4Body,Cabinet 2 drawer cabinet lowantitip strip — layer 4,Cabinet 2 — front right,+Y,0.0,455.79999999999995,0,914.8,25.4,profiles/Cabinet2DrawerCabinetLowAntiTipLayer4Body.dxf
P147,26,Cabinet2DrawerCabinetLowSupportLayer3Body,Cabinet 2 drawer cabinet lowsupport strip — layer 3,Cabinet 2 — front right,-Y,0.0,364.6,0,914.8,25.4,profiles/Cabinet2DrawerCabinetLowSupportLayer3Body.dxf
P149,26,Cabinet2DrawerCabinetLowAntiTipLayer3Body,Cabinet 2 drawer cabinet lowantitip strip — layer 3,Cabinet 2 — front right,-Y,0.0,425.4,0,914.8,25.4,profiles/Cabinet2DrawerCabinetLowAntiTipLayer3Body.dxf
P305,26,Cabinet8UpperDrawerLowSlideLayer1Body,Drawer slide — low side — layer 013,Cabinet 8 upper drawer,-X,1133.6000000000001,0.0,90,25.4,471.2,profiles/Cabinet8UpperDrawerLowSlideLayer1Body.dxf
P306,26,Cabinet8UpperDrawerLowSlideLayer2Body,Drawer slide — low side — layer 014,Cabinet 8 upper drawer,+X,1164.0000000000002,0.0,90,25.4,471.2,profiles/Cabinet8UpperDrawerLowSlideLayer2Body.dxf
P038,27,Cabinet4TopInnerBody,Top — inner003,Cabinet 4 — front right,-Z,0.0,0.0,0,969.2,766.0,profiles/Cabinet4TopInnerBody.dxf
P299,27,Cabinet8UpperDrawerSideLowInnerBody,Drawer side — lowinner007,Cabinet 8 upper drawer,+X,1079.2,0.0,90,100.0,490.6,profiles/Cabinet8UpperDrawerSideLowInnerBody.dxf
P298,27,Cabinet8UpperDrawerSideLowOuterBody,Drawer side — lowouter007,Cabinet 8 upper drawer,-X,974.2,0.0,90,100.0,490.6,profiles/Cabinet8UpperDrawerSideLowOuterBody.dxf
P028,28,Cabinet3LowerSideInnerBody,LowerSide — inner002,Cabinet 3 — front left,+Y,0.0,364.6,0,969.2,359.6,profiles/Cabinet3LowerSideInnerBody.dxf
P027,28,Cabinet3LowerSideOuterBody,LowerSide — outer002,Cabinet 3 — front left,-Y,0.0,0.0,0,969.2,359.6,profiles/Cabinet3LowerSideOuterBody.dxf
P022,28,Cabinet2FrontBottomStripInnerBody,FrontBottomStrip — inner001,Cabinet 2 — front right,+Z,974.2,0.0,0,154.4,766.0,profiles/Cabinet2FrontBottomStripInnerBody.dxf
P176,28,Cabinet3DrawerCabinetLowSupportLayer3Body,Cabinet 3 drawer cabinet lowsupport strip — layer 3,Cabinet 3 — front left,-Y,0.0,729.2,0,914.8,25.4,profiles/Cabinet3DrawerCabinetLowSupportLayer3Body.dxf
P177,28,Cabinet3DrawerCabinetLowSupportLayer4Body,Cabinet 3 drawer cabinet lowsupport strip — layer 4,Cabinet 3 — front left,+Y,0.0,759.6,0,914.8,25.4,profiles/Cabinet3DrawerCabinetLowSupportLayer4Body.dxf
P037,29,Cabinet4TopOuterBody,Top — outer003,Cabinet 4 — front right,+Z,0.0,0.0,0,969.2,766.0,profiles/Cabinet4TopOuterBody.dxf
P275,29,Cabinet7UpperDrawerSideHighInnerBody,Drawer side — highinner006,Cabinet 7 upper drawer,-X,974.2,0.0,90,100.0,490.6,profiles/Cabinet7UpperDrawerSideHighInnerBody.dxf
P276,29,Cabinet7UpperDrawerSideHighOuterBody,Drawer side — highouter006,Cabinet 7 upper drawer,+X,1079.2,0.0,90,100.0,490.6,profiles/Cabinet7UpperDrawerSideHighOuterBody.dxf
P018,30,Cabinet2UpperSideInnerBody,UpperSide — inner001,Cabinet 2 — front right,-Y,0.0,364.6,0,969.2,359.6,profiles/Cabinet2UpperSideInnerBody.dxf
P017,30,Cabinet2UpperSideOuterBody,UpperSide — outer001,Cabinet 2 — front right,+Y,0.0,0.0,0,969.2,359.6,profiles/Cabinet2UpperSideOuterBody.dxf
P021,30,Cabinet2FrontBottomStripOuterBody,FrontBottomStrip — outer001,Cabinet 2 — front right,-Z,974.2,0.0,0,154.4,766.0,profiles/Cabinet2FrontBottomStripOuterBody.dxf
P116,30,Cabinet1DrawerHighSlideLayer1Body,Drawer slide — high side — layer 1,Cabinet 1 drawer,-Y,0.0,729.2,0,928.4,25.4,profiles/Cabinet1DrawerHighSlideLayer1Body.dxf
P117,30,Cabinet1DrawerHighSlideLayer2Body,Drawer slide — high side — layer 2,Cabinet 1 drawer,+Y,0.0,759.6,0,928.4,25.4,profiles/Cabinet1DrawerHighSlideLayer2Body.dxf
P308,30,Cabinet8UpperDrawerHighSlideLayer2Body,Drawer slide — high side — layer 014,Cabinet 8 upper drawer,+X,1164.0000000000002,0.0,90,25.4,471.2,profiles/Cabinet8UpperDrawerHighSlideLayer2Body.dxf
P307,30,Cabinet8UpperDrawerHighSlideLayer1Body,Drawer slide — high side — layer 013,Cabinet 8 upper drawer,-X,1133.6000000000001,0.0,90,25.4,471.2,profiles/Cabinet8UpperDrawerHighSlideLayer1Body.dxf
P049,31,Cabinet5TopOuterBody,Top — outer004,Cabinet 5 — front against wall,+Z,0.0,0.0,0,969.2,512.0,profiles/Cabinet5TopOuterBody.dxf
P107,31,Cabinet1DrawerSideLowOuterBody,Drawer side — lowouter,Cabinet 1 drawer,-Y,0.0,517.0,0,947.8,177.8,profiles/Cabinet1DrawerSideLowOuterBody.dxf
P301,31,Cabinet8UpperDrawerSideHighOuterBody,Drawer side — highouter007,Cabinet 8 upper drawer,+X,1079.2,0.0,90,100.0,490.6,profiles/Cabinet8UpperDrawerSideHighOuterBody.dxf
P300,31,Cabinet8UpperDrawerSideHighInnerBody,Drawer side — highinner007,Cabinet 8 upper drawer,-X,974.2,0.0,90,100.0,490.6,profiles/Cabinet8UpperDrawerSideHighInnerBody.dxf
P133,31,Cabinet2CenterSupportInnerBody,Center top support — inner001,Cabinet 2 — front right,+Y,0.0,739.0,0,961.4,34.2,profiles/Cabinet2CenterSupportInnerBody.dxf
P132,31,Cabinet2CenterSupportOuterBody,Center top support — outer001,Cabinet 2 — front right,-Y,0.0,699.8,0,961.4,34.2,profiles/Cabinet2CenterSupportOuterBody.dxf
P050,32,Cabinet5TopInnerBody,Top — inner004,Cabinet 5 — front against wall,-Z,0.0,0.0,0,969.2,512.0,profiles/Cabinet5TopInnerBody.dxf
P108,32,Cabinet1DrawerSideLowInnerBody,Drawer side — lowinner,Cabinet 1 drawer,+Y,0.0,517.0,0,947.8,177.8,profiles/Cabinet1DrawerSideLowInnerBody.dxf
P277,32,Cabinet7UpperDrawerBackInnerBody,Drawer back — inner006,Cabinet 7 upper drawer,-Y,974.2,0.0,90,100.0,439.4,profiles/Cabinet7UpperDrawerBackInnerBody.dxf
P278,32,Cabinet7UpperDrawerBackOuterBody,Drawer back — outer006,Cabinet 7 upper drawer,+Y,1079.2,0.0,90,100.0,439.4,profiles/Cabinet7UpperDrawerBackOuterBody.dxf
P161,32,Cabinet3CenterSupportOuterBody,Center top support — outer002,Cabinet 3 — front left,-Y,0.0,699.8,0,961.4,34.2,profiles/Cabinet3CenterSupportOuterBody.dxf
P162,32,Cabinet3CenterSupportInnerBody,Center top support — inner002,Cabinet 3 — front left,+Y,0.0,739.0,0,961.4,34.2,profiles/Cabinet3CenterSupportInnerBody.dxf
P061,33,Cabinet6TopOuterBody,Top — outer005,Cabinet 6 — front against wall,+Z,0.0,0.0,0,969.2,512.0,profiles/Cabinet6TopOuterBody.dxf
P109,33,Cabinet1DrawerSideHighInnerBody,Drawer side — highinner,Cabinet 1 drawer,-Y,0.0,517.0,0,947.8,177.8,profiles/Cabinet1DrawerSideHighInnerBody.dxf
P302,33,Cabinet8UpperDrawerBackInnerBody,Drawer back — inner007,Cabinet 8 upper drawer,-Y,974.2,0.0,90,100.0,439.4,profiles/Cabinet8UpperDrawerBackInnerBody.dxf
P303,33,Cabinet8UpperDrawerBackOuterBody,Drawer back — outer007,Cabinet 8 upper drawer,+Y,1079.2,0.0,90,100.0,439.4,profiles/Cabinet8UpperDrawerBackOuterBody.dxf
P190,33,Cabinet4CenterSupportOuterBody,Center top support — outer003,Cabinet 4 — front right,-Y,0.0,699.8,0,961.4,34.2,profiles/Cabinet4CenterSupportOuterBody.dxf
P191,33,Cabinet4CenterSupportInnerBody,Center top support — inner003,Cabinet 4 — front right,+Y,0.0,739.0,0,961.4,34.2,profiles/Cabinet4CenterSupportInnerBody.dxf
P062,34,Cabinet6TopInnerBody,Top — inner005,Cabinet 6 — front against wall,-Z,0.0,0.0,0,969.2,512.0,profiles/Cabinet6TopInnerBody.dxf
P110,34,Cabinet1DrawerSideHighOuterBody,Drawer side — highouter,Cabinet 1 drawer,+Y,0.0,517.0,0,947.8,177.8,profiles/Cabinet1DrawerSideHighOuterBody.dxf
P221,34,Cabinet7LowerDrawerSideLowOuterBody,Drawer side — lowouter004,Cabinet 7 lower drawer,-X,974.2,0.0,90,100.0,490.6,profiles/Cabinet7LowerDrawerSideLowOuterBody.dxf
P222,34,Cabinet7LowerDrawerSideLowInnerBody,Drawer side — lowinner004,Cabinet 7 lower drawer,+X,1079.2,0.0,90,100.0,490.6,profiles/Cabinet7LowerDrawerSideLowInnerBody.dxf
P204,34,Cabinet4DrawerHighSlideLayer2Body,Drawer slide — high side — layer 006,Cabinet 4 drawer,+Y,0.0,699.8,0,928.4,25.4,profiles/Cabinet4DrawerHighSlideLayer2Body.dxf
P203,34,Cabinet4DrawerHighSlideLayer1Body,Drawer slide — high side — layer 005,Cabinet 4 drawer,-Y,0.0,730.1999999999999,0,928.4,25.4,profiles/Cabinet4DrawerHighSlideLayer1Body.dxf
P229,34,Cabinet7LowerDrawerLowSlideLayer2Body,Drawer slide — low side — layer 008,Cabinet 7 lower drawer,+X,0.0,760.5999999999999,0,471.2,25.4,profiles/Cabinet7LowerDrawerLowSlideLayer2Body.dxf
P228,34,Cabinet7LowerDrawerLowSlideLayer1Body,Drawer slide — low side — layer 007,Cabinet 7 lower drawer,-X,476.2,760.5999999999999,0,471.2,25.4,profiles/Cabinet7LowerDrawerLowSlideLayer1Body.dxf
P167,35,Cabinet3DrawerSideHighInnerBody,Drawer side — highinner002,Cabinet 3 drawer,-Y,0.0,182.8,0,947.8,177.8,profiles/Cabinet3DrawerSideHighInnerBody.dxf
P166,35,Cabinet3DrawerSideLowInnerBody,Drawer side — lowinner002,Cabinet 3 drawer,+Y,0.0,0.0,0,947.8,177.8,profiles/Cabinet3DrawerSideLowInnerBody.dxf
P194,35,Cabinet4DrawerSideLowOuterBody,Drawer side — lowouter003,Cabinet 4 drawer,-Y,0.0,548.4000000000001,0,947.8,177.8,profiles/Cabinet4DrawerSideLowOuterBody.dxf
P168,35,Cabinet3DrawerSideHighOuterBody,Drawer side — highouter002,Cabinet 3 drawer,+Y,0.0,365.6,0,947.8,177.8,profiles/Cabinet3DrawerSideHighOuterBody.dxf
P115,35,Cabinet1DrawerLowSlideLayer2Body,Drawer slide — low side — layer 2,Cabinet 1 drawer,+Y,0.0,761.6,0,928.4,25.4,profiles/Cabinet1DrawerLowSlideLayer2Body.dxf
P114,35,Cabinet1DrawerLowSlideLayer1Body,Drawer slide — low side — layer 1,Cabinet 1 drawer,-Y,0.0,731.2,0,928.4,25.4,profiles/Cabinet1DrawerLowSlideLayer1Body.dxf
P245,36,Cabinet8LowerDrawerCombinedFaceFrameInnerBody,Cabinet 8 drawer combined face frame — inner,"Cabinet 8 — right bedside table, front away from wall",+Y,0.0,0.0,90,359.6,512.0,profiles/Cabinet8LowerDrawerCombinedFaceFrameInnerBody.dxf
P247,36,Cabinet8LowerDrawerFaceInnerBody,Drawer face — inner005,Cabinet 8 lower drawer,+Y,191.40000000000003,25.199999999993906,90,143.0,461.6,profiles/Cabinet8LowerDrawerFaceInnerBody.dxf
P297,36,Cabinet8UpperDrawerFaceInnerBody,Drawer face — inner007,Cabinet 8 upper drawer,+Y,25.200000000000045,25.199999999993906,90,143.0,461.6,profiles/Cabinet8UpperDrawerFaceInnerBody.dxf
P244,36,Cabinet8LowerDrawerCombinedFaceFrameOuterBody,Cabinet 8 drawer combined face frame — outer,"Cabinet 8 — right bedside table, front away from wall",-Y,364.6,0.0,90,359.6,512.0,profiles/Cabinet8LowerDrawerCombinedFaceFrameOuterBody.dxf
P246,36,Cabinet8LowerDrawerFaceOuterBody,Drawer face — outer005,Cabinet 8 lower drawer,-Y,556.0,25.20000000002028,90,143.0,461.6,profiles/Cabinet8LowerDrawerFaceOuterBody.dxf
P296,36,Cabinet8UpperDrawerFaceOuterBody,Drawer face — outer007,Cabinet 8 upper drawer,-Y,389.80000000000007,25.20000000002028,90,143.0,461.6,profiles/Cabinet8UpperDrawerFaceOuterBody.dxf
P165,36,Cabinet3DrawerSideLowOuterBody,Drawer side — lowouter002,Cabinet 3 drawer,-Y,0.0,609.5999999999999,0,947.8,177.8,profiles/Cabinet3DrawerSideLowOuterBody.dxf
P083,36,Cabinet7BackBottomStripOuterBody,BackBottomStrip — outer006,"Cabinet 7 — left bedside table, front away from wall",-Z,729.2,0.0,90,154.4,512.0,profiles/Cabinet7BackBottomStripOuterBody.dxf
P084,36,Cabinet7BackBottomStripInnerBody,BackBottomStrip — inner006,"Cabinet 7 — left bedside table, front away from wall",+Z,888.6,0.0,90,154.4,512.0,profiles/Cabinet7BackBottomStripInnerBody.dxf
P173,36,Cabinet3DrawerLowSlideLayer2Body,Drawer slide — low side — layer 004,Cabinet 3 drawer,+Y,0.0,517.0,0,928.4,25.4,profiles/Cabinet3DrawerLowSlideLayer2Body.dxf
P172,36,Cabinet3DrawerLowSlideLayer1Body,Drawer slide — low side — layer 003,Cabinet 3 drawer,-Y,0.0,547.4,0,928.4,25.4,profiles/Cabinet3DrawerLowSlideLayer1Body.dxf
P067,37,Cabinet6BackOuterBody,Back — outer005,Cabinet 6 — front against wall,-Y,0.0,0.0,0,969.2,359.6,profiles/Cabinet6BackOuterBody.dxf
P068,37,Cabinet6BackInnerBody,Back — inner005,Cabinet 6 — front against wall,+Y,0.0,364.6,0,969.2,359.6,profiles/Cabinet6BackInnerBody.dxf
P175,37,Cabinet3DrawerHighSlideLayer2Body,Drawer slide — high side — layer 004,Cabinet 3 drawer,+Y,0.0,759.6,0,928.4,25.4,profiles/Cabinet3DrawerHighSlideLayer2Body.dxf
P174,37,Cabinet3DrawerHighSlideLayer1Body,Drawer slide — high side — layer 003,Cabinet 3 drawer,-Y,0.0,729.2,0,928.4,25.4,profiles/Cabinet3DrawerHighSlideLayer1Body.dxf
P195,38,Cabinet4DrawerSideLowInnerBody,Drawer side — lowinner003,Cabinet 4 drawer,+Y,0.0,0.0,0,947.8,177.8,profiles/Cabinet4DrawerSideLowInnerBody.dxf
P196,38,Cabinet4DrawerSideHighInnerBody,Drawer side — highinner003,Cabinet 4 drawer,-Y,0.0,182.8,0,947.8,177.8,profiles/Cabinet4DrawerSideHighInnerBody.dxf
P197,38,Cabinet4DrawerSideHighOuterBody,Drawer side — highouter003,Cabinet 4 drawer,+Y,0.0,365.6,0,947.8,177.8,profiles/Cabinet4DrawerSideHighOuterBody.dxf
P057,38,Cabinet5BackBottomStripOuterBody,BackBottomStrip — outer004,Cabinet 5 — front against wall,-Z,0.0,548.4000000000001,0,969.2,154.4,profiles/Cabinet5BackBottomStripOuterBody.dxf
P249,38,Cabinet8LowerDrawerSideLowInnerBody,Drawer side — lowinner005,Cabinet 8 lower drawer,+X,1057.8,0.0,90,100.0,490.6,profiles/Cabinet8LowerDrawerSideLowInnerBody.dxf
P248,38,Cabinet8LowerDrawerSideLowOuterBody,Drawer side — lowouter005,Cabinet 8 lower drawer,-X,952.8,0.0,90,100.0,490.6,profiles/Cabinet8LowerDrawerSideLowOuterBody.dxf
P103,38,Cabinet1CenterSupportOuterBody,Center top support — outer,Cabinet 1 — front left,-Y,0.0,707.8000000000001,0,961.4,34.2,profiles/Cabinet1CenterSupportOuterBody.dxf
P104,38,Cabinet1CenterSupportInnerBody,Center top support — inner,Cabinet 1 — front left,+Y,0.0,747.0000000000001,0,961.4,34.2,profiles/Cabinet1CenterSupportInnerBody.dxf
P086,39,Cabinet8TopInnerBody,Top — inner007,"Cabinet 8 — right bedside table, front away from wall",-Z,0.0,0.0,0,512.0,512.0,profiles/Cabinet8TopInnerBody.dxf
P051,39,Cabinet5LeftSideOuterBody,LeftSide — outer,Cabinet 5 — front against wall,-X,517.0,0.0,0,512.0,359.6,profiles/Cabinet5LeftSideOuterBody.dxf
P052,39,Cabinet5LeftSideInnerBody,LeftSide — inner,Cabinet 5 — front against wall,+X,517.0,364.6,0,512.0,359.6,profiles/Cabinet5LeftSideInnerBody.dxf
P081,39,Cabinet7FrontBottomStripOuterBody,FrontBottomStrip — outer006,"Cabinet 7 — left bedside table, front away from wall",-Z,0.0,517.0,0,512.0,154.4,profiles/Cabinet7FrontBottomStripOuterBody.dxf
P082,39,Cabinet7FrontBottomStripInnerBody,FrontBottomStrip — inner006,"Cabinet 7 — left bedside table, front away from wall",+Z,1034.0,0.0,90,154.4,512.0,profiles/Cabinet7FrontBottomStripInnerBody.dxf
P202,39,Cabinet4DrawerLowSlideLayer2Body,Drawer slide — low side — layer 006,Cabinet 4 drawer,+Y,0.0,759.6,0,928.4,25.4,profiles/Cabinet4DrawerLowSlideLayer2Body.dxf
P201,39,Cabinet4DrawerLowSlideLayer1Body,Drawer slide — low side — layer 005,Cabinet 4 drawer,-Y,0.0,729.2,0,928.4,25.4,profiles/Cabinet4DrawerLowSlideLayer1Body.dxf
P100,40,Cabinet6FrontSupportInnerBody,Front support — inner001,Cabinet 6 — front against wall,-Y,0.0,0.0,0,969.2,113.6,profiles/Cabinet6FrontSupportInnerBody.dxf
P099,40,Cabinet6FrontSupportOuterBody,Front support — outer001,Cabinet 6 — front against wall,+Y,0.0,118.6,0,969.2,113.6,profiles/Cabinet6FrontSupportOuterBody.dxf
P095,40,Cabinet8BackBottomStripOuterBody,BackBottomStrip — outer007,"Cabinet 8 — right bedside table, front away from wall",-Z,974.2,0.0,90,154.4,512.0,profiles/Cabinet8BackBottomStripOuterBody.dxf
P094,40,Cabinet8FrontBottomStripInnerBody,FrontBottomStrip — inner007,"Cabinet 8 — right bedside table, front away from wall",+Z,0.0,237.2,90,154.4,512.0,profiles/Cabinet8FrontBottomStripInnerBody.dxf
P096,40,Cabinet8BackBottomStripInnerBody,BackBottomStrip — inner007,"Cabinet 8 — right bedside table, front away from wall",+Z,159.4,237.2,90,154.4,512.0,profiles/Cabinet8BackBottomStripInnerBody.dxf
P093,40,Cabinet8FrontBottomStripOuterBody,FrontBottomStrip — outer007,"Cabinet 8 — right bedside table, front away from wall",-Z,318.8,237.2,90,154.4,512.0,profiles/Cabinet8FrontBottomStripOuterBody.dxf
P274,40,Cabinet7UpperDrawerSideLowInnerBody,Drawer side — lowinner006,Cabinet 7 upper drawer,+X,478.20000000000005,237.2,0,490.6,100.0,profiles/Cabinet7UpperDrawerSideLowInnerBody.dxf
P273,40,Cabinet7UpperDrawerSideLowOuterBody,Drawer side — lowouter006,Cabinet 7 upper drawer,-X,478.20000000000005,342.2,0,490.6,100.0,profiles/Cabinet7UpperDrawerSideLowOuterBody.dxf
P251,40,Cabinet8LowerDrawerSideHighOuterBody,Drawer side — highouter005,Cabinet 8 lower drawer,+X,478.20000000000005,447.2,0,490.6,100.0,profiles/Cabinet8LowerDrawerSideHighOuterBody.dxf
P250,40,Cabinet8LowerDrawerSideHighInnerBody,Drawer side — highinner005,Cabinet 8 lower drawer,-X,478.20000000000005,552.2,0,490.6,100.0,profiles/Cabinet8LowerDrawerSideHighInnerBody.dxf
P281,40,Cabinet7UpperDrawerLowSlideLayer2Body,Drawer slide — low side — layer 012,Cabinet 7 upper drawer,+X,1133.6000000000001,0.0,90,25.4,471.2,profiles/Cabinet7UpperDrawerLowSlideLayer2Body.dxf
P280,40,Cabinet7UpperDrawerLowSlideLayer1Body,Drawer slide — low side — layer 011,Cabinet 7 upper drawer,-X,1164.0000000000002,0.0,90,25.4,471.2,profiles/Cabinet7UpperDrawerLowSlideLayer1Body.dxf
P255,40,Cabinet8LowerDrawerLowSlideLayer1Body,Drawer slide — low side — layer 009,Cabinet 8 lower drawer,-X,478.20000000000005,657.2,0,471.2,25.4,profiles/Cabinet8LowerDrawerLowSlideLayer1Body.dxf
P258,40,Cabinet8LowerDrawerHighSlideLayer2Body,Drawer slide — high side — layer 010,Cabinet 8 lower drawer,+X,478.20000000000005,687.6,0,471.2,25.4,profiles/Cabinet8LowerDrawerHighSlideLayer2Body.dxf
P256,40,Cabinet8LowerDrawerLowSlideLayer2Body,Drawer slide — low side — layer 010,Cabinet 8 lower drawer,+X,478.20000000000005,718.0,0,471.2,25.4,profiles/Cabinet8LowerDrawerLowSlideLayer2Body.dxf
P257,40,Cabinet8LowerDrawerHighSlideLayer1Body,Drawer slide — high side — layer 009,Cabinet 8 lower drawer,-X,478.20000000000005,748.4,0,471.2,25.4,profiles/Cabinet8LowerDrawerHighSlideLayer1Body.dxf
P058,41,Cabinet5BackBottomStripInnerBody,BackBottomStrip — inner004,Cabinet 5 — front against wall,+Z,0.0,0.0,0,969.2,154.4,profiles/Cabinet5BackBottomStripInnerBody.dxf
P069,41,Cabinet6BackBottomStripOuterBody,BackBottomStrip — outer005,Cabinet 6 — front against wall,-Z,0.0,159.4,0,969.2,154.4,profiles/Cabinet6BackBottomStripOuterBody.dxf
P070,41,Cabinet6BackBottomStripInnerBody,BackBottomStrip — inner005,Cabinet 6 — front against wall,+Z,0.0,318.8,0,969.2,154.4,profiles/Cabinet6BackBottomStripInnerBody.dxf
P059,41,Cabinet5FrontBottomStripOuterBody,FrontBottomStrip — outer004,Cabinet 5 — front against wall,-Z,0.0,478.20000000000005,0,969.2,152.4,profiles/Cabinet5FrontBottomStripOuterBody.dxf
P098,41,Cabinet5FrontSupportInnerBody,Front support — inner,Cabinet 5 — front against wall,-Y,0.0,635.6,0,969.2,113.6,profiles/Cabinet5FrontSupportInnerBody.dxf
P060,42,Cabinet5FrontBottomStripInnerBody,FrontBottomStrip — inner004,Cabinet 5 — front against wall,+Z,0.0,0.0,0,969.2,152.4,profiles/Cabinet5FrontBottomStripInnerBody.dxf
P071,42,Cabinet6FrontBottomStripOuterBody,FrontBottomStrip — outer005,Cabinet 6 — front against wall,-Z,0.0,157.4,0,969.2,152.4,profiles/Cabinet6FrontBottomStripOuterBody.dxf
P072,42,Cabinet6FrontBottomStripInnerBody,FrontBottomStrip — inner005,Cabinet 6 — front against wall,+Z,0.0,314.8,0,969.2,152.4,profiles/Cabinet6FrontBottomStripInnerBody.dxf
P140,42,Cabinet2DrawerBackInnerBody,Drawer back — inner001,Cabinet 2 drawer,+X,974.2,0.0,90,177.8,693.4,profiles/Cabinet2DrawerBackInnerBody.dxf
P141,42,Cabinet2DrawerBackOuterBody,Drawer back — outer001,Cabinet 2 drawer,-X,0.0,472.20000000000005,0,693.4,177.8,profiles/Cabinet2DrawerBackOuterBody.dxf
P097,42,Cabinet5FrontSupportOuterBody,Front support — outer,Cabinet 5 — front against wall,+Y,0.0,655.0,0,969.2,113.6,profiles/Cabinet5FrontSupportOuterBody.dxf
P074,43,Cabinet7TopInnerBody,Top — inner006,"Cabinet 7 — left bedside table, front away from wall",-Z,0.0,0.0,0,512.0,512.0,profiles/Cabinet7TopInnerBody.dxf
P085,43,Cabinet8TopOuterBody,Top — outer007,"Cabinet 8 — right bedside table, front away from wall",+Z,517.0,0.0,0,512.0,512.0,profiles/Cabinet8TopOuterBody.dxf
P009,43,Cabinet1FrontBottomStripOuterBody,FrontBottomStrip — outer,Cabinet 1 — front left,-Z,1039.3999999999999,0.0,0,154.4,766.0,profiles/Cabinet1FrontBottomStripOuterBody.dxf
P010,43,Cabinet1FrontBottomStripInnerBody,FrontBottomStrip — inner,Cabinet 1 — front left,+Z,0.0,517.0,90,766.0,154.4,profiles/Cabinet1FrontBottomStripInnerBody.dxf
P189,44,Cabinet4DrawerFaceFrameInnerBody,Cabinet 4 drawer face frame — inner,Cabinet 4 — front right,-X,0.0,0.0,90,359.6,766.0,profiles/Cabinet4DrawerFaceFrameInnerBody.dxf
P193,44,Cabinet4DrawerFaceInnerBody,Drawer face — inner003,Cabinet 4 drawer,-X,25.200000000000045,25.19999999999959,90,309.2,715.6,profiles/Cabinet4DrawerFaceInnerBody.dxf
P073,44,Cabinet7TopOuterBody,Top — outer006,"Cabinet 7 — left bedside table, front away from wall",+Z,364.6,0.0,0,512.0,512.0,profiles/Cabinet7TopOuterBody.dxf
P159,45,Cabinet3DrawerFaceFrameOuterBody,Cabinet 3 drawer face frame — outer,Cabinet 3 — front left,-X,0.0,0.0,90,359.6,766.0,profiles/Cabinet3DrawerFaceFrameOuterBody.dxf
P163,45,Cabinet3DrawerFaceOuterBody,Drawer face — outer002,Cabinet 3 drawer,-X,25.200000000000045,25.2000000000005,90,309.2,715.6,profiles/Cabinet3DrawerFaceOuterBody.dxf
P188,45,Cabinet4DrawerFaceFrameOuterBody,Cabinet 4 drawer face frame — outer,Cabinet 4 — front right,+X,729.2,0.0,90,359.6,766.0,profiles/Cabinet4DrawerFaceFrameOuterBody.dxf
P192,45,Cabinet4DrawerFaceOuterBody,Drawer face — outer003,Cabinet 4 drawer,+X,754.4000000000001,25.20000000000016,90,309.2,715.6,profiles/Cabinet4DrawerFaceOuterBody.dxf
P160,45,Cabinet3DrawerFaceFrameInnerBody,Cabinet 3 drawer face frame — inner,Cabinet 3 — front left,+X,364.6,0.0,90,359.6,766.0,profiles/Cabinet3DrawerFaceFrameInnerBody.dxf
P164,45,Cabinet3DrawerFaceInnerBody,Drawer face — inner002,Cabinet 3 drawer,+X,389.8,25.19999999999891,90,309.2,715.6,profiles/Cabinet3DrawerFaceInnerBody.dxf
P113,46,Cabinet1DrawerBottomBody,Drawer bottom — single ply,Cabinet 1 drawer,+Z,0.0,0.0,0,947.8,693.4,profiles/Cabinet1DrawerBottomBody.dxf
P200,47,Cabinet4DrawerBottomBody,Drawer bottom — single ply003,Cabinet 4 drawer,+Z,0.0,0.0,0,947.8,693.4,profiles/Cabinet4DrawerBottomBody.dxf
P044,48,Cabinet4BackInnerBody,Back — inner003,Cabinet 4 — front right,+X,364.6,0.0,90,359.6,766.0,profiles/Cabinet4BackInnerBody.dxf
P043,48,Cabinet4BackOuterBody,Back — outer003,Cabinet 4 — front right,-X,0.0,0.0,90,359.6,766.0,profiles/Cabinet4BackOuterBody.dxf
P101,48,Cabinet1DrawerFaceFrameOuterBody,Cabinet 1 drawer face frame — outer,Cabinet 1 — front left,-X,729.2,0.0,90,359.6,766.0,profiles/Cabinet1DrawerFaceFrameOuterBody.dxf
P105,48,Cabinet1DrawerFaceOuterBody,Drawer face — outer,Cabinet 1 drawer,-X,754.4000000000001,25.200000000000387,90,309.2,715.6,profiles/Cabinet1DrawerFaceOuterBody.dxf
P130,49,Cabinet2DrawerFaceFrameOuterBody,Cabinet 2 drawer face frame — outer,Cabinet 2 — front right,+X,364.6,0.0,90,359.6,766.0,profiles/Cabinet2DrawerFaceFrameOuterBody.dxf
P134,49,Cabinet2DrawerFaceOuterBody,Drawer face — outer001,Cabinet 2 drawer,+X,389.8,25.2,90,309.2,715.6,profiles/Cabinet2DrawerFaceOuterBody.dxf
P102,49,Cabinet1DrawerFaceFrameInnerBody,Cabinet 1 drawer face frame — inner,Cabinet 1 — front left,+X,0.0,0.0,90,359.6,766.0,profiles/Cabinet1DrawerFaceFrameInnerBody.dxf
P106,49,Cabinet1DrawerFaceInnerBody,Drawer face — inner,Cabinet 1 drawer,+X,25.200000000000045,25.2,90,309.2,715.6,profiles/Cabinet1DrawerFaceInnerBody.dxf
P131,49,Cabinet2DrawerFaceFrameInnerBody,Cabinet 2 drawer face frame — inner,Cabinet 2 — front right,-X,729.2,0.0,90,359.6,766.0,profiles/Cabinet2DrawerFaceFrameInnerBody.dxf
P135,49,Cabinet2DrawerFaceInnerBody,Drawer face — inner001,Cabinet 2 drawer,-X,754.4000000000001,25.199999999998454,90,309.2,715.6,profiles/Cabinet2DrawerFaceInnerBody.dxf
P078,50,Cabinet7RightSideInnerBody,RightSide — inner002,"Cabinet 7 — left bedside table, front away from wall",-X,364.6,0.0,90,359.6,512.0,profiles/Cabinet7RightSideInnerBody.dxf
P077,50,Cabinet7RightSideOuterBody,RightSide — outer002,"Cabinet 7 — left bedside table, front away from wall",+X,0.0,0.0,90,359.6,512.0,profiles/Cabinet7RightSideOuterBody.dxf
P243,50,Cabinet7LowerDrawerCabinetHighChannelBackLayer2Body,Cabinet 7 lower drawer cabinet high channel back — layer 2,"Cabinet 7 — left bedside table, front away from wall",-X,729.2,84.2,0,457.6,79.2,profiles/Cabinet7LowerDrawerCabinetHighChannelBackLayer2Body.dxf
P295,50,Cabinet7UpperDrawerCabinetHighChannelBackLayer2Body,Cabinet 7 upper drawer cabinet high channel back — layer 2,"Cabinet 7 — left bedside table, front away from wall",-X,729.2,252.60000000000002,0,457.6,79.2,profiles/Cabinet7UpperDrawerCabinetHighChannelBackLayer2Body.dxf
P294,50,Cabinet7UpperDrawerCabinetHighChannelBackLayer1Body,Cabinet 7 upper drawer cabinet high channel back — layer 1,"Cabinet 7 — left bedside table, front away from wall",+X,729.2,168.4,0,457.6,79.2,profiles/Cabinet7UpperDrawerCabinetHighChannelBackLayer1Body.dxf
P242,50,Cabinet7LowerDrawerCabinetHighChannelBackLayer1Body,Cabinet 7 lower drawer cabinet high channel back — layer 1,"Cabinet 7 — left bedside table, front away from wall",+X,729.2,0.0,0,457.6,79.2,profiles/Cabinet7LowerDrawerCabinetHighChannelBackLayer1Body.dxf
P317,50,Cabinet8UpperDrawerCabinetLowChannelBackLayer1Body,Cabinet 8 upper drawer cabinet low channel back — layer 1,"Cabinet 8 — right bedside table, front away from wall",-X,462.6,519.1999999999999,0,457.6,79.2,profiles/Cabinet8UpperDrawerCabinetLowChannelBackLayer1Body.dxf
P267,50,Cabinet8LowerDrawerCabinetLowChannelBackLayer1Body,Cabinet 8 lower drawer cabinet low channel back — layer 1,"Cabinet 8 — right bedside table, front away from wall",-X,0.0,579.9999999999999,0,457.6,79.2,profiles/Cabinet8LowerDrawerCabinetLowChannelBackLayer1Body.dxf
P318,50,Cabinet8UpperDrawerCabinetLowChannelBackLayer2Body,Cabinet 8 upper drawer cabinet low channel back — layer 2,"Cabinet 8 — right bedside table, front away from wall",+X,462.6,603.4,0,457.6,79.2,profiles/Cabinet8UpperDrawerCabinetLowChannelBackLayer2Body.dxf
P268,50,Cabinet8LowerDrawerCabinetLowChannelBackLayer2Body,Cabinet 8 lower drawer cabinet low channel back — layer 2,"Cabinet 8 — right bedside table, front away from wall",+X,0.0,664.1999999999999,0,457.6,79.2,profiles/Cabinet8LowerDrawerCabinetLowChannelBackLayer2Body.dxf
P239,50,Cabinet7LowerDrawerCabinetHighAntiTipLayer4Body,Cabinet 7 lower drawer cabinet highantitip strip — layer 4,"Cabinet 7 — left bedside table, front away from wall",-X,729.2,427.99999999999994,0,457.6,25.4,profiles/Cabinet7LowerDrawerCabinetHighAntiTipLayer4Body.dxf
P289,50,Cabinet7UpperDrawerCabinetHighSupportLayer4Body,Cabinet 7 upper drawer cabinet highsupport strip — layer 4,"Cabinet 7 — left bedside table, front away from wall",-X,729.2,488.7999999999999,0,457.6,25.4,profiles/Cabinet7UpperDrawerCabinetHighSupportLayer4Body.dxf
P288,50,Cabinet7UpperDrawerCabinetHighSupportLayer3Body,Cabinet 7 upper drawer cabinet highsupport strip — layer 3,"Cabinet 7 — left bedside table, front away from wall",+X,729.2,458.3999999999999,0,457.6,25.4,profiles/Cabinet7UpperDrawerCabinetHighSupportLayer3Body.dxf
P238,50,Cabinet7LowerDrawerCabinetHighAntiTipLayer3Body,Cabinet 7 lower drawer cabinet highantitip strip — layer 3,"Cabinet 7 — left bedside table, front away from wall",+X,729.2,397.59999999999997,0,457.6,25.4,profiles/Cabinet7LowerDrawerCabinetHighAntiTipLayer3Body.dxf
P237,50,Cabinet7LowerDrawerCabinetHighSupportLayer4Body,Cabinet 7 lower drawer cabinet highsupport strip — layer 4,"Cabinet 7 — left bedside table, front away from wall",-X,729.2,367.2,0,457.6,25.4,profiles/Cabinet7LowerDrawerCabinetHighSupportLayer4Body.dxf
P236,50,Cabinet7LowerDrawerCabinetHighSupportLayer3Body,Cabinet 7 lower drawer cabinet highsupport strip — layer 3,"Cabinet 7 — left bedside table, front away from wall",+X,729.2,336.8,0,457.6,25.4,profiles/Cabinet7LowerDrawerCabinetHighSupportLayer3Body.dxf
P291,50,Cabinet7UpperDrawerCabinetHighAntiTipLayer4Body,Cabinet 7 upper drawer cabinet highantitip strip — layer 4,"Cabinet 7 — left bedside table, front away from wall",-X,0.0,549.5999999999999,0,457.6,25.4,profiles/Cabinet7UpperDrawerCabinetHighAntiTipLayer4Body.dxf
P290,50,Cabinet7UpperDrawerCabinetHighAntiTipLayer3Body,Cabinet 7 upper drawer cabinet highantitip strip — layer 3,"Cabinet 7 — left bedside table, front away from wall",+X,0.0,519.1999999999999,0,457.6,25.4,profiles/Cabinet7UpperDrawerCabinetHighAntiTipLayer3Body.dxf
P262,50,Cabinet8LowerDrawerCabinetLowAntiTipLayer4Body,Cabinet 8 lower drawer cabinet lowantitip strip — layer 4,"Cabinet 8 — right bedside table, front away from wall",+X,462.6,748.4,0,457.6,25.4,profiles/Cabinet8LowerDrawerCabinetLowAntiTipLayer4Body.dxf
P260,50,Cabinet8LowerDrawerCabinetLowSupportLayer4Body,Cabinet 8 lower drawer cabinet lowsupport strip — layer 4,"Cabinet 8 — right bedside table, front away from wall",+X,462.6,687.6,0,457.6,25.4,profiles/Cabinet8LowerDrawerCabinetLowSupportLayer4Body.dxf
P259,50,Cabinet8LowerDrawerCabinetLowSupportLayer3Body,Cabinet 8 lower drawer cabinet lowsupport strip — layer 3,"Cabinet 8 — right bedside table, front away from wall",-X,0.0,748.4,0,457.6,25.4,profiles/Cabinet8LowerDrawerCabinetLowSupportLayer3Body.dxf
P261,50,Cabinet8LowerDrawerCabinetLowAntiTipLayer3Body,Cabinet 8 lower drawer cabinet lowantitip strip — layer 3,"Cabinet 8 — right bedside table, front away from wall",-X,462.6,718.0,0,457.6,25.4,profiles/Cabinet8LowerDrawerCabinetLowAntiTipLayer3Body.dxf
P089,51,Cabinet8RightSideOuterBody,RightSide — outer003,"Cabinet 8 — right bedside table, front away from wall",+X,729.2,121.6,90,359.6,512.0,profiles/Cabinet8RightSideOuterBody.dxf
P088,51,Cabinet8LeftSideInnerBody,LeftSide — inner003,"Cabinet 8 — right bedside table, front away from wall",+X,364.6,0.0,90,359.6,512.0,profiles/Cabinet8LeftSideInnerBody.dxf
P087,51,Cabinet8LeftSideOuterBody,LeftSide — outer003,"Cabinet 8 — right bedside table, front away from wall",-X,0.0,0.0,90,359.6,512.0,profiles/Cabinet8LeftSideOuterBody.dxf
P320,51,Cabinet8UpperDrawerCabinetHighChannelBackLayer2Body,Cabinet 8 upper drawer cabinet high channel back — layer 2,"Cabinet 8 — right bedside table, front away from wall",-X,462.6,638.6,0,457.6,79.2,profiles/Cabinet8UpperDrawerCabinetHighChannelBackLayer2Body.dxf
P270,51,Cabinet8LowerDrawerCabinetHighChannelBackLayer2Body,Cabinet 8 lower drawer cabinet high channel back — layer 2,"Cabinet 8 — right bedside table, front away from wall",-X,0.0,638.6,0,457.6,79.2,profiles/Cabinet8LowerDrawerCabinetHighChannelBackLayer2Body.dxf
P269,51,Cabinet8LowerDrawerCabinetHighChannelBackLayer1Body,Cabinet 8 lower drawer cabinet high channel back — layer 1,"Cabinet 8 — right bedside table, front away from wall",+X,1093.8000000000002,121.6,90,79.2,457.6,profiles/Cabinet8LowerDrawerCabinetHighChannelBackLayer1Body.dxf
P319,51,Cabinet8UpperDrawerCabinetHighChannelBackLayer1Body,Cabinet 8 upper drawer cabinet high channel back — layer 1,"Cabinet 8 — right bedside table, front away from wall",+X,0.0,517.0,0,457.6,79.2,profiles/Cabinet8UpperDrawerCabinetHighChannelBackLayer1Body.dxf
P310,51,Cabinet8UpperDrawerCabinetLowSupportLayer4Body,Cabinet 8 upper drawer cabinet lowsupport strip — layer 4,"Cabinet 8 — right bedside table, front away from wall",+X,729.2,30.4,0,457.6,25.4,profiles/Cabinet8UpperDrawerCabinetLowSupportLayer4Body.dxf
P309,51,Cabinet8UpperDrawerCabinetLowSupportLayer3Body,Cabinet 8 upper drawer cabinet lowsupport strip — layer 3,"Cabinet 8 — right bedside table, front away from wall",-X,729.2,0.0,0,457.6,25.4,profiles/Cabinet8UpperDrawerCabinetLowSupportLayer3Body.dxf
P313,51,Cabinet8UpperDrawerCabinetHighSupportLayer3Body,Cabinet 8 upper drawer cabinet highsupport strip — layer 3,"Cabinet 8 — right bedside table, front away from wall",+X,462.6,753.2,0,457.6,25.4,profiles/Cabinet8UpperDrawerCabinetHighSupportLayer3Body.dxf
P266,51,Cabinet8LowerDrawerCabinetHighAntiTipLayer4Body,Cabinet 8 lower drawer cabinet highantitip strip — layer 4,"Cabinet 8 — right bedside table, front away from wall",-X,462.6,722.8000000000001,0,457.6,25.4,profiles/Cabinet8LowerDrawerCabinetHighAntiTipLayer4Body.dxf
P265,51,Cabinet8LowerDrawerCabinetHighAntiTipLayer3Body,Cabinet 8 lower drawer cabinet highantitip strip — layer 3,"Cabinet 8 — right bedside table, front away from wall",+X,0.0,753.2,0,457.6,25.4,profiles/Cabinet8LowerDrawerCabinetHighAntiTipLayer3Body.dxf
P264,51,Cabinet8LowerDrawerCabinetHighSupportLayer4Body,Cabinet 8 lower drawer cabinet highsupport strip — layer 4,"Cabinet 8 — right bedside table, front away from wall",-X,0.0,722.8000000000001,0,457.6,25.4,profiles/Cabinet8LowerDrawerCabinetHighSupportLayer4Body.dxf
P263,51,Cabinet8LowerDrawerCabinetHighSupportLayer3Body,Cabinet 8 lower drawer cabinet highsupport strip — layer 3,"Cabinet 8 — right bedside table, front away from wall",+X,0.0,601.2,0,457.6,25.4,profiles/Cabinet8LowerDrawerCabinetHighSupportLayer3Body.dxf
P312,51,Cabinet8UpperDrawerCabinetLowAntiTipLayer4Body,Cabinet 8 upper drawer cabinet lowantitip strip — layer 4,"Cabinet 8 — right bedside table, front away from wall",+X,729.2,91.19999999999999,0,457.6,25.4,profiles/Cabinet8UpperDrawerCabinetLowAntiTipLayer4Body.dxf
P311,51,Cabinet8UpperDrawerCabinetLowAntiTipLayer3Body,Cabinet 8 upper drawer cabinet lowantitip strip — layer 3,"Cabinet 8 — right bedside table, front away from wall",-X,729.2,60.8,0,457.6,25.4,profiles/Cabinet8UpperDrawerCabinetLowAntiTipLayer3Body.dxf
P090,52,Cabinet8RightSideInnerBody,RightSide — inner003,"Cabinet 8 — right bedside table, front away from wall",-X,0.0,0.0,90,359.6,512.0,profiles/Cabinet8RightSideInnerBody.dxf
P112,52,Cabinet1DrawerBackOuterBody,Drawer back — outer,Cabinet 1 drawer,+X,364.6,0.0,90,177.8,693.4,profiles/Cabinet1DrawerBackOuterBody.dxf
P111,52,Cabinet1DrawerBackInnerBody,Drawer back — inner,Cabinet 1 drawer,-X,547.4000000000001,0.0,90,177.8,693.4,profiles/Cabinet1DrawerBackInnerBody.dxf
P223,52,Cabinet7LowerDrawerSideHighInnerBody,Drawer side — highinner004,Cabinet 7 lower drawer,-X,730.2,0.0,90,100.0,490.6,profiles/Cabinet7LowerDrawerSideHighInnerBody.dxf
P224,52,Cabinet7LowerDrawerSideHighOuterBody,Drawer side — highouter004,Cabinet 7 lower drawer,+X,835.2,0.0,90,100.0,490.6,profiles/Cabinet7LowerDrawerSideHighOuterBody.dxf
P225,52,Cabinet7LowerDrawerBackInnerBody,Drawer back — inner004,Cabinet 7 lower drawer,-Y,730.2,687.4,0,439.4,100.0,profiles/Cabinet7LowerDrawerBackInnerBody.dxf
P226,52,Cabinet7LowerDrawerBackOuterBody,Drawer back — outer004,Cabinet 7 lower drawer,+Y,730.2,582.4,0,439.4,100.0,profiles/Cabinet7LowerDrawerBackOuterBody.dxf
P230,52,Cabinet7LowerDrawerHighSlideLayer1Body,Drawer slide — high side — layer 007,Cabinet 7 lower drawer,-X,0.0,698.4,0,471.2,25.4,profiles/Cabinet7LowerDrawerHighSlideLayer1Body.dxf
P231,52,Cabinet7LowerDrawerHighSlideLayer2Body,Drawer slide — high side — layer 008,Cabinet 7 lower drawer,+X,0.0,728.8,0,471.2,25.4,profiles/Cabinet7LowerDrawerHighSlideLayer2Body.dxf
P314,52,Cabinet8UpperDrawerCabinetHighSupportLayer4Body,Cabinet 8 upper drawer cabinet highsupport strip — layer 4,"Cabinet 8 — right bedside table, front away from wall",-X,0.0,759.1999999999999,0,457.6,25.4,profiles/Cabinet8UpperDrawerCabinetHighSupportLayer4Body.dxf
P316,52,Cabinet8UpperDrawerCabinetHighAntiTipLayer4Body,Cabinet 8 upper drawer cabinet highantitip strip — layer 4,"Cabinet 8 — right bedside table, front away from wall",-X,730.2,552.0,0,457.6,25.4,profiles/Cabinet8UpperDrawerCabinetHighAntiTipLayer4Body.dxf
P315,52,Cabinet8UpperDrawerCabinetHighAntiTipLayer3Body,Cabinet 8 upper drawer cabinet highantitip strip — layer 3,"Cabinet 8 — right bedside table, front away from wall",+X,730.2,521.6,0,457.6,25.4,profiles/Cabinet8UpperDrawerCabinetHighAntiTipLayer3Body.dxf
