body_name,body_label,assembly,mate_name,good_face_normal,thickness_mm,width_mm,height_mm,area_mm2,wire_count,edge_count,dxf_file
Cabinet1TopOuterBody,Top — outer,Cabinet 1 — front left,Cabinet1TopInnerBody,+Z,5.800000000000466,969.1999999999998,766.0,713569.5150382777,7,130,profiles/Cabinet1TopOuterBody.dxf
Cabinet1TopInnerBody,Top — inner,Cabinet 1 — front left,Cabinet1TopOuterBody,-Z,5.80000000000183,969.1999999999998,766.0,713569.5150382719,7,130,profiles/Cabinet1TopInnerBody.dxf
Cabinet1LowerSideOuterBody,LowerSide — outer,Cabinet 1 — front left,Cabinet1LowerSideInnerBody,-Y,5.8000000000000425,969.1999999999998,359.5999999999997,333783.7791118413,5,140,profiles/Cabinet1LowerSideOuterBody.dxf
Cabinet1LowerSideInnerBody,LowerSide — inner,Cabinet 1 — front left,Cabinet1LowerSideOuterBody,+Y,5.800000000000085,969.1999999999998,359.5999999999997,333783.7791118382,5,140,profiles/Cabinet1LowerSideInnerBody.dxf
Cabinet1UpperSideOuterBody,UpperSide — outer,Cabinet 1 — front left,Cabinet1UpperSideInnerBody,+Y,5.800000000005639,969.1999999999998,359.5999999999996,333695.4218181884,7,142,profiles/Cabinet1UpperSideOuterBody.dxf
Cabinet1UpperSideInnerBody,UpperSide — inner,Cabinet 1 — front left,Cabinet1UpperSideOuterBody,-Y,5.8000000000017735,969.1999999999998,359.6000000000001,333695.4218182278,7,142,profiles/Cabinet1UpperSideInnerBody.dxf
Cabinet1BackOuterBody,Back — outer,Cabinet 1 — front left,Cabinet1BackInnerBody,+X,5.800000000002001,766.0000000000008,359.6,259853.58500368366,7,112,profiles/Cabinet1BackOuterBody.dxf
Cabinet1BackInnerBody,Back — inner,Cabinet 1 — front left,Cabinet1BackOuterBody,-X,5.8000000000017735,766.0000000000023,359.5999999999997,259853.58500374123,7,112,profiles/Cabinet1BackInnerBody.dxf
Cabinet1FrontBottomStripOuterBody,FrontBottomStrip — outer,Cabinet 1 — front left,Cabinet1FrontBottomStripInnerBody,-Z,5.800000000000009,154.39999999999998,766.0000000000023,111040.6527412287,3,80,profiles/Cabinet1FrontBottomStripOuterBody.dxf
Cabinet1FrontBottomStripInnerBody,FrontBottomStrip — inner,Cabinet 1 — front left,Cabinet1FrontBottomStripOuterBody,+Z,5.800000000000035,154.39999999999998,766.0000000000007,111040.65274122819,3,80,profiles/Cabinet1FrontBottomStripInnerBody.dxf
Cabinet1BackBottomStripOuterBody,BackBottomStrip — outer,Cabinet 1 — front left,Cabinet1BackBottomStripInnerBody,-Z,5.800000000000018,154.4000000000001,766.0000000000007,111040.6527412283,3,80,profiles/Cabinet1BackBottomStripOuterBody.dxf
Cabinet1BackBottomStripInnerBody,BackBottomStrip — inner,Cabinet 1 — front left,Cabinet1BackBottomStripOuterBody,+Z,5.800000000000016,154.4000000000001,766.0000000000003,111040.65274122861,3,80,profiles/Cabinet1BackBottomStripInnerBody.dxf
Cabinet2TopOuterBody,Top — outer001,Cabinet 2 — front right,Cabinet2TopInnerBody,+Z,5.800000000001319,969.1999999999998,766.0,713569.515037886,7,130,profiles/Cabinet2TopOuterBody.dxf
Cabinet2TopInnerBody,Top — inner001,Cabinet 2 — front right,Cabinet2TopOuterBody,-Z,5.8000000000014325,969.1999999999998,766.0,713569.5150382431,7,130,profiles/Cabinet2TopInnerBody.dxf
Cabinet2LowerSideOuterBody,LowerSide — outer001,Cabinet 2 — front right,Cabinet2LowerSideInnerBody,-Y,5.800000000000025,969.1999999999998,359.5999999999997,333783.7791118423,5,140,profiles/Cabinet2LowerSideOuterBody.dxf
Cabinet2LowerSideInnerBody,LowerSide — inner001,Cabinet 2 — front right,Cabinet2LowerSideOuterBody,+Y,5.800000000000037,969.1999999999998,359.5999999999987,333783.7791118401,5,140,profiles/Cabinet2LowerSideInnerBody.dxf
Cabinet2UpperSideOuterBody,UpperSide — outer001,Cabinet 2 — front right,Cabinet2UpperSideInnerBody,+Y,5.800000000002456,969.1999999999998,359.59999999999866,333695.42181827856,7,142,profiles/Cabinet2UpperSideOuterBody.dxf
Cabinet2UpperSideInnerBody,UpperSide — inner001,Cabinet 2 — front right,Cabinet2UpperSideOuterBody,-Y,5.800000000001546,969.1999999999998,359.59999999999894,333695.421818326,7,142,profiles/Cabinet2UpperSideInnerBody.dxf
Cabinet2BackOuterBody,Back — outer001,Cabinet 2 — front right,Cabinet2BackInnerBody,-X,5.800000000004957,766.0000000000002,359.6,259853.5850036189,7,112,profiles/Cabinet2BackOuterBody.dxf
Cabinet2BackInnerBody,Back — inner001,Cabinet 2 — front right,Cabinet2BackOuterBody,+X,5.800000000001546,765.9999999999991,359.5999999999997,259853.5850037034,7,112,profiles/Cabinet2BackInnerBody.dxf
Cabinet2FrontBottomStripOuterBody,FrontBottomStrip — outer001,Cabinet 2 — front right,Cabinet2FrontBottomStripInnerBody,-Z,5.8000000000000105,154.4000000000001,765.9999999999991,111040.65274122868,3,80,profiles/Cabinet2FrontBottomStripOuterBody.dxf
Cabinet2FrontBottomStripInnerBody,FrontBottomStrip — inner001,Cabinet 2 — front right,Cabinet2FrontBottomStripOuterBody,+Z,5.80000000000001,154.4000000000001,765.9999999999992,111040.65274122871,3,80,profiles/Cabinet2FrontBottomStripInnerBody.dxf
Cabinet2BackBottomStripOuterBody,BackBottomStrip — outer001,Cabinet 2 — front right,Cabinet2BackBottomStripInnerBody,-Z,5.800000000000014,154.4000000000001,765.9999999999992,111040.6527412283,3,80,profiles/Cabinet2BackBottomStripOuterBody.dxf
Cabinet2BackBottomStripInnerBody,BackBottomStrip — inner001,Cabinet 2 — front right,Cabinet2BackBottomStripOuterBody,+Z,5.800000000000025,154.4000000000001,765.9999999999966,111040.65274122824,3,80,profiles/Cabinet2BackBottomStripInnerBody.dxf
Cabinet3TopOuterBody,Top — outer002,Cabinet 3 — front left,Cabinet3TopInnerBody,+Z,5.800000000001205,969.1999999999998,766.0,713569.5150381719,7,130,profiles/Cabinet3TopOuterBody.dxf
Cabinet3TopInnerBody,Top — inner002,Cabinet 3 — front left,Cabinet3TopOuterBody,-Z,5.80000000000183,969.1999999999998,766.0,713569.5150382697,7,130,profiles/Cabinet3TopInnerBody.dxf
Cabinet3LowerSideOuterBody,LowerSide — outer002,Cabinet 3 — front left,Cabinet3LowerSideInnerBody,-Y,5.800000000005639,969.1999999999998,359.5999999999998,333695.42181813455,7,142,profiles/Cabinet3LowerSideOuterBody.dxf
Cabinet3LowerSideInnerBody,LowerSide — inner002,Cabinet 3 — front left,Cabinet3LowerSideOuterBody,+Y,5.800000000003251,969.1999999999998,359.59999999999957,333695.4218181817,7,142,profiles/Cabinet3LowerSideInnerBody.dxf
Cabinet3UpperSideOuterBody,UpperSide — outer002,Cabinet 3 — front left,Cabinet3UpperSideInnerBody,+Y,5.800000000011551,969.1999999999998,359.59999999999957,333695.4218179797,7,142,profiles/Cabinet3UpperSideOuterBody.dxf
Cabinet3UpperSideInnerBody,UpperSide — inner002,Cabinet 3 — front left,Cabinet3UpperSideOuterBody,-Y,5.800000000009732,969.1999999999998,359.6000000000001,333695.42181772704,7,142,profiles/Cabinet3UpperSideInnerBody.dxf
Cabinet3BackOuterBody,Back — outer002,Cabinet 3 — front left,Cabinet3BackInnerBody,+X,5.800000000002228,766.0000000000018,359.6,259853.5850036836,7,112,profiles/Cabinet3BackOuterBody.dxf
Cabinet3BackInnerBody,Back — inner002,Cabinet 3 — front left,Cabinet3BackOuterBody,-X,5.800000000003138,766.0000000000049,359.59999999999985,259853.5850037213,7,112,profiles/Cabinet3BackInnerBody.dxf
Cabinet3FrontBottomStripOuterBody,FrontBottomStrip — outer002,Cabinet 3 — front left,Cabinet3FrontBottomStripInnerBody,-Z,5.800000000000025,154.39999999999998,766.000000000005,111040.65274122842,3,80,profiles/Cabinet3FrontBottomStripOuterBody.dxf
Cabinet3FrontBottomStripInnerBody,FrontBottomStrip — inner002,Cabinet 3 — front left,Cabinet3FrontBottomStripOuterBody,+Z,5.8000000000000425,154.39999999999998,766.0000000000014,111040.65274122798,3,80,profiles/Cabinet3FrontBottomStripInnerBody.dxf
Cabinet3BackBottomStripOuterBody,BackBottomStrip — outer002,Cabinet 3 — front left,Cabinet3BackBottomStripInnerBody,-Z,5.800000000000014,154.4000000000001,766.0000000000014,111040.65274122852,3,80,profiles/Cabinet3BackBottomStripOuterBody.dxf
Cabinet3BackBottomStripInnerBody,BackBottomStrip — inner002,Cabinet 3 — front left,Cabinet3BackBottomStripOuterBody,+Z,5.800000000000031,154.4000000000001,766.0000000000026,111040.65274122855,3,80,profiles/Cabinet3BackBottomStripInnerBody.dxf
Cabinet4TopOuterBody,Top — outer003,Cabinet 4 — front right,Cabinet4TopInnerBody,+Z,5.800000000001603,969.1999999999998,766.0,713569.515037868,7,130,profiles/Cabinet4TopOuterBody.dxf
Cabinet4TopInnerBody,Top — inner003,Cabinet 4 — front right,Cabinet4TopOuterBody,-Z,5.800000000001546,969.1999999999998,766.0,713569.5150382391,7,130,profiles/Cabinet4TopInnerBody.dxf
Cabinet4LowerSideOuterBody,LowerSide — outer003,Cabinet 4 — front right,Cabinet4LowerSideInnerBody,-Y,5.800000000002342,969.1999999999998,359.59999999999997,333695.4218183607,7,142,profiles/Cabinet4LowerSideOuterBody.dxf
Cabinet4LowerSideInnerBody,LowerSide — inner003,Cabinet 4 — front right,Cabinet4LowerSideOuterBody,+Y,5.800000000003706,969.1999999999998,359.59999999999894,333695.4218182459,7,142,profiles/Cabinet4LowerSideInnerBody.dxf
Cabinet4UpperSideOuterBody,UpperSide — outer003,Cabinet 4 — front right,Cabinet4UpperSideInnerBody,+Y,5.800000000008822,969.1999999999998,359.59999999999894,333695.4218181151,7,142,profiles/Cabinet4UpperSideOuterBody.dxf
Cabinet4UpperSideInnerBody,UpperSide — inner003,Cabinet 4 — front right,Cabinet4UpperSideOuterBody,-Y,5.800000000004502,969.1999999999998,359.59999999999917,333695.4218181037,7,142,profiles/Cabinet4UpperSideInnerBody.dxf
Cabinet4BackOuterBody,Back — outer003,Cabinet 4 — front right,Cabinet4BackInnerBody,-X,5.800000000006094,766.0000000000009,359.6,259853.58500358486,7,112,profiles/Cabinet4BackOuterBody.dxf
Cabinet4BackInnerBody,Back — inner003,Cabinet 4 — front right,Cabinet4BackOuterBody,+X,5.800000000001546,765.9999999999985,359.6,259853.58500371696,7,112,profiles/Cabinet4BackInnerBody.dxf
Cabinet4FrontBottomStripOuterBody,FrontBottomStrip — outer003,Cabinet 4 — front right,Cabinet4FrontBottomStripInnerBody,-Z,5.800000000000008,154.4000000000001,765.9999999999986,111040.6527412285,3,80,profiles/Cabinet4FrontBottomStripOuterBody.dxf
Cabinet4FrontBottomStripInnerBody,FrontBottomStrip — inner003,Cabinet 4 — front right,Cabinet4FrontBottomStripOuterBody,+Z,5.800000000000022,154.4000000000001,765.9999999999999,111040.65274122833,3,80,profiles/Cabinet4FrontBottomStripInnerBody.dxf
Cabinet4BackBottomStripOuterBody,BackBottomStrip — outer003,Cabinet 4 — front right,Cabinet4BackBottomStripInnerBody,-Z,5.8000000000000185,154.4000000000001,765.9999999999999,111040.65274122824,3,80,profiles/Cabinet4BackBottomStripOuterBody.dxf
Cabinet4BackBottomStripInnerBody,BackBottomStrip — inner003,Cabinet 4 — front right,Cabinet4BackBottomStripOuterBody,+Z,5.80000000000002,154.4000000000001,765.9999999999953,111040.65274122827,3,80,profiles/Cabinet4BackBottomStripInnerBody.dxf
Cabinet5TopOuterBody,Top — outer004,Cabinet 5 — front against wall,Cabinet5TopInnerBody,+Z,5.800000000001148,969.1999999999998,512.0,476310.715038239,3,114,profiles/Cabinet5TopOuterBody.dxf
Cabinet5TopInnerBody,Top — inner004,Cabinet 5 — front against wall,Cabinet5TopOuterBody,-Z,5.800000000002058,969.1999999999998,512.0,476310.7150382254,3,114,profiles/Cabinet5TopInnerBody.dxf
Cabinet5LeftSideOuterBody,LeftSide — outer,Cabinet 5 — front against wall,Cabinet5LeftSideInnerBody,-X,5.800000000003251,512.0,359.60000000000036,174481.73048616014,5,140,profiles/Cabinet5LeftSideOuterBody.dxf
Cabinet5LeftSideInnerBody,LeftSide — inner,Cabinet 5 — front against wall,Cabinet5LeftSideOuterBody,+X,5.800000000003024,512.0,359.60000000000065,174481.73048613314,5,140,profiles/Cabinet5LeftSideInnerBody.dxf
Cabinet5RightSideOuterBody,RightSide — outer,Cabinet 5 — front against wall,Cabinet5RightSideInnerBody,+X,5.8000000000072305,512.0,359.60000000000065,174481.73048600953,5,140,profiles/Cabinet5RightSideOuterBody.dxf
Cabinet5RightSideInnerBody,RightSide — inner,Cabinet 5 — front against wall,Cabinet5RightSideOuterBody,-X,5.800000000002001,512.0,359.59999999999883,174481.73048609437,5,140,profiles/Cabinet5RightSideInnerBody.dxf
Cabinet5BackOuterBody,Back — outer004,Cabinet 5 — front against wall,Cabinet5BackInnerBody,-Y,5.7999999999999545,969.1999999999978,359.6,330280.2650037504,5,104,profiles/Cabinet5BackOuterBody.dxf
Cabinet5BackInnerBody,Back — inner004,Cabinet 5 — front against wall,Cabinet5BackOuterBody,+Y,5.7999999999999545,969.1999999999994,359.60000000000036,330280.2650037638,5,104,profiles/Cabinet5BackInnerBody.dxf
Cabinet5BackBottomStripOuterBody,BackBottomStrip — outer004,Cabinet 5 — front against wall,Cabinet5BackBottomStripInnerBody,-Z,5.800000000000013,969.1999999999967,154.4000000000001,141032.972741228,3,80,profiles/Cabinet5BackBottomStripOuterBody.dxf
Cabinet5BackBottomStripInnerBody,BackBottomStrip — inner004,Cabinet 5 — front against wall,Cabinet5BackBottomStripOuterBody,+Z,5.800000000000009,969.1999999999973,154.4000000000001,141032.97274122827,3,80,profiles/Cabinet5BackBottomStripInnerBody.dxf
Cabinet5FrontBottomStripOuterBody,FrontBottomStrip — outer004,Cabinet 5 — front against wall,Cabinet5FrontBottomStripInnerBody,-Z,5.8,969.1999999999992,152.4000000000001,145563.15681469275,3,54,profiles/Cabinet5FrontBottomStripOuterBody.dxf
Cabinet5FrontBottomStripInnerBody,FrontBottomStrip — inner004,Cabinet 5 — front against wall,Cabinet5FrontBottomStripOuterBody,+Z,5.8,969.1999999999967,152.4000000000001,145563.1568146924,3,54,profiles/Cabinet5FrontBottomStripInnerBody.dxf
Cabinet6TopOuterBody,Top — outer005,Cabinet 6 — front against wall,Cabinet6TopInnerBody,+Z,5.8000000000017735,969.1999999999998,512.0,476310.71503811557,3,114,profiles/Cabinet6TopOuterBody.dxf
Cabinet6TopInnerBody,Top — inner005,Cabinet 6 — front against wall,Cabinet6TopOuterBody,-Z,5.800000000002058,969.1999999999998,512.0,476310.7150382406,3,114,profiles/Cabinet6TopInnerBody.dxf
Cabinet6LeftSideOuterBody,LeftSide — outer001,Cabinet 6 — front against wall,Cabinet6LeftSideInnerBody,-X,5.8000000000054115,512.0,359.6000000000004,174481.73048598962,5,140,profiles/Cabinet6LeftSideOuterBody.dxf
Cabinet6LeftSideInnerBody,LeftSide — inner001,Cabinet 6 — front against wall,Cabinet6LeftSideOuterBody,+X,5.8000000000072305,512.0,359.60000000000053,174481.7304860115,5,140,profiles/Cabinet6LeftSideInnerBody.dxf
Cabinet6RightSideOuterBody,RightSide — outer001,Cabinet 6 — front against wall,Cabinet6RightSideInnerBody,+X,5.800000000005184,512.0,359.6000000000005,174481.73048577263,5,140,profiles/Cabinet6RightSideOuterBody.dxf
Cabinet6RightSideInnerBody,RightSide — inner001,Cabinet 6 — front against wall,Cabinet6RightSideOuterBody,-X,5.800000000014279,512.0,359.5999999999991,174481.73048601844,5,140,profiles/Cabinet6RightSideInnerBody.dxf
Cabinet6BackOuterBody,Back — outer005,Cabinet 6 — front against wall,Cabinet6BackInnerBody,-Y,5.7999999999999545,969.1999999999982,359.59999999999997,330280.26500379364,5,104,profiles/Cabinet6BackOuterBody.dxf
Cabinet6BackInnerBody,Back — inner005,Cabinet 6 — front against wall,Cabinet6BackOuterBody,+Y,5.7999999999999545,969.1999999999941,359.60000000000036,330280.265003737,5,104,profiles/Cabinet6BackInnerBody.dxf
Cabinet6BackBottomStripOuterBody,BackBottomStrip — outer005,Cabinet 6 — front against wall,Cabinet6BackBottomStripInnerBody,-Z,5.800000000000001,969.19999999999,154.4000000000001,141032.97274122798,3,80,profiles/Cabinet6BackBottomStripOuterBody.dxf
Cabinet6BackBottomStripInnerBody,BackBottomStrip — inner005,Cabinet 6 — front against wall,Cabinet6BackBottomStripOuterBody,+Z,5.800000000000011,969.1999999999916,154.4000000000001,141032.9727412277,3,80,profiles/Cabinet6BackBottomStripInnerBody.dxf
Cabinet6FrontBottomStripOuterBody,FrontBottomStrip — outer005,Cabinet 6 — front against wall,Cabinet6FrontBottomStripInnerBody,-Z,5.8,969.1999999999944,152.4000000000001,145563.15681469237,3,54,profiles/Cabinet6FrontBottomStripOuterBody.dxf
Cabinet6FrontBottomStripInnerBody,FrontBottomStrip — inner005,Cabinet 6 — front against wall,Cabinet6FrontBottomStripOuterBody,+Z,5.8,969.19999999999,152.4000000000001,145563.15681469216,3,54,profiles/Cabinet6FrontBottomStripInnerBody.dxf
Cabinet7TopOuterBody,Top — outer006,"Cabinet 7 — left bedside table, front away from wall",Cabinet7TopInnerBody,+Z,5.800000000000296,512.0,512.0,248442.23503831236,3,114,profiles/Cabinet7TopOuterBody.dxf
Cabinet7TopInnerBody,Top — inner006,"Cabinet 7 — left bedside table, front away from wall",Cabinet7TopOuterBody,-Z,5.8000000000010346,512.0,512.0,248442.2350383043,3,114,profiles/Cabinet7TopInnerBody.dxf
Cabinet7LeftSideOuterBody,LeftSide — outer002,"Cabinet 7 — left bedside table, front away from wall",Cabinet7LeftSideInnerBody,-X,5.800000000000039,512.0,359.59999999999985,173284.92177631162,9,144,profiles/Cabinet7LeftSideOuterBody.dxf
Cabinet7LeftSideInnerBody,LeftSide — inner002,"Cabinet 7 — left bedside table, front away from wall",Cabinet7LeftSideOuterBody,+X,5.8000000000000655,512.0,359.5999999999987,173284.92177631133,9,144,profiles/Cabinet7LeftSideInnerBody.dxf
Cabinet7RightSideOuterBody,RightSide — outer002,"Cabinet 7 — left bedside table, front away from wall",Cabinet7RightSideInnerBody,+X,5.800000000004218,512.0,359.5999999999988,173196.5644827783,11,146,profiles/Cabinet7RightSideOuterBody.dxf
Cabinet7RightSideInnerBody,RightSide — inner002,"Cabinet 7 — left bedside table, front away from wall",Cabinet7RightSideOuterBody,-X,5.800000000002001,512.0,359.59999999999843,173196.5644828467,11,146,profiles/Cabinet7RightSideInnerBody.dxf
Cabinet7BackOuterBody,Back — outer006,"Cabinet 7 — left bedside table, front away from wall",Cabinet7BackInnerBody,+Y,5.7999999999999545,511.99999999999875,359.59999999999997,172177.42229717932,3,102,profiles/Cabinet7BackOuterBody.dxf
Cabinet7BackInnerBody,Back — inner006,"Cabinet 7 — left bedside table, front away from wall",Cabinet7BackOuterBody,-Y,5.7999999999999545,511.9999999999976,359.59999999999985,172177.4222971971,3,102,profiles/Cabinet7BackInnerBody.dxf
Cabinet7FrontBottomStripOuterBody,FrontBottomStrip — outer006,"Cabinet 7 — left bedside table, front away from wall",Cabinet7FrontBottomStripInnerBody,-Z,5.800000000000017,511.9999999999976,154.4000000000001,73550.25274122828,3,80,profiles/Cabinet7FrontBottomStripOuterBody.dxf
Cabinet7FrontBottomStripInnerBody,FrontBottomStrip — inner006,"Cabinet 7 — left bedside table, front away from wall",Cabinet7FrontBottomStripOuterBody,+Z,5.800000000000035,511.99999999999693,154.4000000000001,73550.25274122796,3,80,profiles/Cabinet7FrontBottomStripInnerBody.dxf
Cabinet7BackBottomStripOuterBody,BackBottomStrip — outer006,"Cabinet 7 — left bedside table, front away from wall",Cabinet7BackBottomStripInnerBody,-Z,5.8000000000000185,511.999999999997,154.4000000000001,73550.25274122819,3,80,profiles/Cabinet7BackBottomStripOuterBody.dxf
Cabinet7BackBottomStripInnerBody,BackBottomStrip — inner006,"Cabinet 7 — left bedside table, front away from wall",Cabinet7BackBottomStripOuterBody,+Z,5.80000000000003,511.99999999999665,154.4000000000001,73550.25274122805,3,80,profiles/Cabinet7BackBottomStripInnerBody.dxf
Cabinet8TopOuterBody,Top — outer007,"Cabinet 8 — right bedside table, front away from wall",Cabinet8TopInnerBody,+Z,5.800000000001603,512.0,512.0,248442.23503822318,3,114,profiles/Cabinet8TopOuterBody.dxf
Cabinet8TopInnerBody,Top — inner007,"Cabinet 8 — right bedside table, front away from wall",Cabinet8TopOuterBody,-Z,5.800000000001376,512.0,512.0,248442.2350383612,3,114,profiles/Cabinet8TopInnerBody.dxf
Cabinet8LeftSideOuterBody,LeftSide — outer003,"Cabinet 8 — right bedside table, front away from wall",Cabinet8LeftSideInnerBody,-X,5.800000000036562,512.0,359.59999999999945,173196.56448202865,11,146,profiles/Cabinet8LeftSideOuterBody.dxf
Cabinet8LeftSideInnerBody,LeftSide — inner003,"Cabinet 8 — right bedside table, front away from wall",Cabinet8LeftSideOuterBody,+X,5.800000000023374,512.0,359.5999999999985,173196.56448237784,11,146,profiles/Cabinet8LeftSideInnerBody.dxf
Cabinet8RightSideOuterBody,RightSide — outer003,"Cabinet 8 — right bedside table, front away from wall",Cabinet8RightSideInnerBody,+X,5.800000000024738,512.0,359.5999999999985,173284.92177579153,9,144,profiles/Cabinet8RightSideOuterBody.dxf
Cabinet8RightSideInnerBody,RightSide — inner003,"Cabinet 8 — right bedside table, front away from wall",Cabinet8RightSideOuterBody,-X,5.80000000000382,512.0,359.59999999999854,173284.92177604756,9,144,profiles/Cabinet8RightSideInnerBody.dxf
Cabinet8BackOuterBody,Back — outer007,"Cabinet 8 — right bedside table, front away from wall",Cabinet8BackInnerBody,+Y,5.7999999999999545,511.9999999999977,359.59999999999997,172177.42229714987,3,102,profiles/Cabinet8BackOuterBody.dxf
Cabinet8BackInnerBody,Back — inner007,"Cabinet 8 — right bedside table, front away from wall",Cabinet8BackOuterBody,-Y,5.7999999999999545,511.99999999999636,359.59999999999945,172177.42229716302,3,102,profiles/Cabinet8BackInnerBody.dxf
Cabinet8FrontBottomStripOuterBody,FrontBottomStrip — outer007,"Cabinet 8 — right bedside table, front away from wall",Cabinet8FrontBottomStripInnerBody,-Z,5.800000000000014,511.99999999999596,154.4000000000001,73550.25274122824,3,80,profiles/Cabinet8FrontBottomStripOuterBody.dxf
Cabinet8FrontBottomStripInnerBody,FrontBottomStrip — inner007,"Cabinet 8 — right bedside table, front away from wall",Cabinet8FrontBottomStripOuterBody,+Z,5.800000000000023,512.0000000000155,154.4000000000001,73550.25274122956,3,80,profiles/Cabinet8FrontBottomStripInnerBody.dxf
Cabinet8BackBottomStripOuterBody,BackBottomStrip — outer007,"Cabinet 8 — right bedside table, front away from wall",Cabinet8BackBottomStripInnerBody,-Z,5.800000000000013,512.0000000000155,154.4000000000001,73550.25274122976,3,80,profiles/Cabinet8BackBottomStripOuterBody.dxf
Cabinet8BackBottomStripInnerBody,BackBottomStrip — inner007,"Cabinet 8 — right bedside table, front away from wall",Cabinet8BackBottomStripOuterBody,+Z,5.800000000000032,512.0000000000132,154.4000000000001,73550.2527412293,3,80,profiles/Cabinet8BackBottomStripInnerBody.dxf
Cabinet5FrontSupportOuterBody,Front support — outer,Cabinet 5 — front against wall,Cabinet5FrontSupportInnerBody,+Y,5.7999999999999545,969.1999999999973,113.59999999999883,101944.99822366016,1,76,profiles/Cabinet5FrontSupportOuterBody.dxf
Cabinet5FrontSupportInnerBody,Front support — inner,Cabinet 5 — front against wall,Cabinet5FrontSupportOuterBody,-Y,5.7999999999999545,969.1999999999975,113.59999999999849,101944.99822372397,1,76,profiles/Cabinet5FrontSupportInnerBody.dxf
Cabinet6FrontSupportOuterBody,Front support — outer001,Cabinet 6 — front against wall,Cabinet6FrontSupportInnerBody,+Y,5.7999999999999545,969.1999999999912,113.59999999999917,101944.99822366137,1,76,profiles/Cabinet6FrontSupportOuterBody.dxf
Cabinet6FrontSupportInnerBody,Front support — inner001,Cabinet 6 — front against wall,Cabinet6FrontSupportOuterBody,-Y,5.7999999999999545,969.1999999999887,113.59999999999877,101944.99822366903,1,76,profiles/Cabinet6FrontSupportInnerBody.dxf
Cabinet1DrawerFaceFrameOuterBody,Cabinet 1 drawer face frame — outer,Cabinet 1 — front left,Cabinet1DrawerFaceFrameInnerBody,-X,5.800000000000011,766.0000000000003,359.6000000000001,44215.303642173014,2,374,profiles/Cabinet1DrawerFaceFrameOuterBody.dxf
Cabinet1DrawerFaceFrameInnerBody,Cabinet 1 drawer face frame — inner,Cabinet 1 — front left,Cabinet1DrawerFaceFrameOuterBody,+X,5.800000000000068,765.9999999999997,359.5999999999993,44095.82364216397,4,382,profiles/Cabinet1DrawerFaceFrameInnerBody.dxf
Cabinet1CenterSupportOuterBody,Center top support — outer,Cabinet 1 — front left,Cabinet1CenterSupportInnerBody,-Y,5.800000000000011,961.3999999999974,34.19999999999936,25996.885482456102,1,52,profiles/Cabinet1CenterSupportOuterBody.dxf
Cabinet1CenterSupportInnerBody,Center top support — inner,Cabinet 1 — front left,Cabinet1CenterSupportOuterBody,+Y,5.800000000000011,961.3999999999974,34.19999999999936,25996.88548245601,1,52,profiles/Cabinet1CenterSupportInnerBody.dxf
Cabinet1DrawerFaceOuterBody,Drawer face — outer,Cabinet 1 drawer,Cabinet1DrawerFaceInnerBody,-X,5.7999999999999545,715.6000000000001,309.20000000000005,202768.23769252727,3,326,profiles/Cabinet1DrawerFaceOuterBody.dxf
Cabinet1DrawerFaceInnerBody,Drawer face — inner,Cabinet 1 drawer,Cabinet1DrawerFaceOuterBody,+X,5.800000000000068,715.6,309.20000000000005,198773.77769252312,15,360,profiles/Cabinet1DrawerFaceInnerBody.dxf
Cabinet1DrawerSideLowOuterBody,Drawer side — lowouter,Cabinet 1 drawer,Cabinet1DrawerSideLowInnerBody,-Y,5.800000000000082,947.8000000000005,177.8,164031.53681469068,7,70,profiles/Cabinet1DrawerSideLowOuterBody.dxf
Cabinet1DrawerSideLowInnerBody,Drawer side — lowinner,Cabinet 1 drawer,Cabinet1DrawerSideLowOuterBody,+Y,5.800000000000026,947.8000000000019,177.8,164031.53681469237,7,70,profiles/Cabinet1DrawerSideLowInnerBody.dxf
Cabinet1DrawerSideHighInnerBody,Drawer side — highinner,Cabinet 1 drawer,Cabinet1DrawerSideHighOuterBody,-Y,5.7999999999999545,947.8000000000017,177.8,164031.53681469633,7,70,profiles/Cabinet1DrawerSideHighInnerBody.dxf
Cabinet1DrawerSideHighOuterBody,Drawer side — highouter,Cabinet 1 drawer,Cabinet1DrawerSideHighInnerBody,+Y,5.800000000001546,947.8000000000017,177.8,164031.5368146562,7,70,profiles/Cabinet1DrawerSideHighOuterBody.dxf
Cabinet1DrawerBackInnerBody,Drawer back — inner,Cabinet 1 drawer,Cabinet1DrawerBackOuterBody,-X,5.800000000001091,693.4,177.8,118862.74318527314,7,74,profiles/Cabinet1DrawerBackInnerBody.dxf
Cabinet1DrawerBackOuterBody,Drawer back — outer,Cabinet 1 drawer,Cabinet1DrawerBackInnerBody,+X,5.800000000003138,693.4,177.8,118862.74318527566,7,74,profiles/Cabinet1DrawerBackOuterBody.dxf
Cabinet1DrawerBottomBody,Drawer bottom — single ply,Cabinet 1 drawer,,+Z,5.799999999999997,947.8000000000023,693.3999999999994,637560.9909649113,1,100,profiles/Cabinet1DrawerBottomBody.dxf
Cabinet1DrawerLowSlideLayer1Body,Drawer slide — low side — layer 1,Cabinet 1 drawer,Cabinet1DrawerLowSlideLayer2Body,-Y,5.800000000000001,928.4,25.400000000000016,23386.35881133287,3,6,profiles/Cabinet1DrawerLowSlideLayer1Body.dxf
Cabinet1DrawerLowSlideLayer2Body,Drawer slide — low side — layer 2,Cabinet 1 drawer,Cabinet1DrawerLowSlideLayer1Body,+Y,5.800000000000001,928.4,25.400000000000016,23386.358811332873,3,6,profiles/Cabinet1DrawerLowSlideLayer2Body.dxf
Cabinet1DrawerHighSlideLayer1Body,Drawer slide — high side — layer 1,Cabinet 1 drawer,Cabinet1DrawerHighSlideLayer2Body,-Y,5.7999999999999545,928.4,25.400000000000016,23386.358811333004,3,6,profiles/Cabinet1DrawerHighSlideLayer1Body.dxf
Cabinet1DrawerHighSlideLayer2Body,Drawer slide — high side — layer 2,Cabinet 1 drawer,Cabinet1DrawerHighSlideLayer1Body,+Y,5.7999999999999545,928.4,25.400000000000016,23386.358811333,3,6,profiles/Cabinet1DrawerHighSlideLayer2Body.dxf
Cabinet1DrawerCabinetLowSupportLayer3Body,Cabinet 1 drawer cabinet lowsupport strip — layer 3,Cabinet 1 — front left,Cabinet1DrawerCabinetLowSupportLayer4Body,-Y,5.800000000000001,914.8,25.400000000000016,23040.91881133287,3,6,profiles/Cabinet1DrawerCabinetLowSupportLayer3Body.dxf
Cabinet1DrawerCabinetLowSupportLayer4Body,Cabinet 1 drawer cabinet lowsupport strip — layer 4,Cabinet 1 — front left,Cabinet1DrawerCabinetLowSupportLayer3Body,+Y,5.799999999999997,914.8,25.400000000000016,23040.918811332886,3,6,profiles/Cabinet1DrawerCabinetLowSupportLayer4Body.dxf
Cabinet1DrawerCabinetLowAntiTipLayer3Body,Cabinet 1 drawer cabinet lowantitip strip — layer 3,Cabinet 1 — front left,Cabinet1DrawerCabinetLowAntiTipLayer4Body,-Y,5.800000000000001,914.8,25.400000000000016,23040.91881133287,3,6,profiles/Cabinet1DrawerCabinetLowAntiTipLayer3Body.dxf
Cabinet1DrawerCabinetLowAntiTipLayer4Body,Cabinet 1 drawer cabinet lowantitip strip — layer 4,Cabinet 1 — front left,Cabinet1DrawerCabinetLowAntiTipLayer3Body,+Y,5.799999999999997,914.8,25.400000000000016,23040.918811332886,3,6,profiles/Cabinet1DrawerCabinetLowAntiTipLayer4Body.dxf
Cabinet1DrawerCabinetHighSupportLayer3Body,Cabinet 1 drawer cabinet highsupport strip — layer 3,Cabinet 1 — front left,Cabinet1DrawerCabinetHighSupportLayer4Body,+Y,5.7999999999999545,914.8,25.400000000000016,23040.918811332987,3,6,profiles/Cabinet1DrawerCabinetHighSupportLayer3Body.dxf
Cabinet1DrawerCabinetHighSupportLayer4Body,Cabinet 1 drawer cabinet highsupport strip — layer 4,Cabinet 1 — front left,Cabinet1DrawerCabinetHighSupportLayer3Body,-Y,5.7999999999999545,914.8,25.400000000000016,23040.918811332987,3,6,profiles/Cabinet1DrawerCabinetHighSupportLayer4Body.dxf
Cabinet1DrawerCabinetHighAntiTipLayer3Body,Cabinet 1 drawer cabinet highantitip strip — layer 3,Cabinet 1 — front left,Cabinet1DrawerCabinetHighAntiTipLayer4Body,+Y,5.7999999999999545,914.8,25.400000000000016,23040.918811332995,3,6,profiles/Cabinet1DrawerCabinetHighAntiTipLayer3Body.dxf
Cabinet1DrawerCabinetHighAntiTipLayer4Body,Cabinet 1 drawer cabinet highantitip strip — layer 4,Cabinet 1 — front left,Cabinet1DrawerCabinetHighAntiTipLayer3Body,-Y,5.7999999999999545,914.8,25.400000000000016,23040.918811332995,3,6,profiles/Cabinet1DrawerCabinetHighAntiTipLayer4Body.dxf
Cabinet1DrawerCabinetLowChannelBackLayer1Body,Cabinet 1 drawer cabinet low channel back — layer 1,Cabinet 1 — front left,Cabinet1DrawerCabinetLowChannelBackLayer2Body,-Y,5.799999999999999,914.8,79.20000000000002,71187.19518537333,7,14,profiles/Cabinet1DrawerCabinetLowChannelBackLayer1Body.dxf
Cabinet1DrawerCabinetLowChannelBackLayer2Body,Cabinet 1 drawer cabinet low channel back — layer 2,Cabinet 1 — front left,Cabinet1DrawerCabinetLowChannelBackLayer1Body,+Y,5.800000000000001,914.8,79.20000000000002,71187.19518537335,7,14,profiles/Cabinet1DrawerCabinetLowChannelBackLayer2Body.dxf
Cabinet1DrawerCabinetHighChannelBackLayer1Body,Cabinet 1 drawer cabinet high channel back — layer 1,Cabinet 1 — front left,Cabinet1DrawerCabinetHighChannelBackLayer2Body,+Y,5.7999999999999545,914.8,79.20000000000002,71187.19518537371,7,14,profiles/Cabinet1DrawerCabinetHighChannelBackLayer1Body.dxf
Cabinet1DrawerCabinetHighChannelBackLayer2Body,Cabinet 1 drawer cabinet high channel back — layer 2,Cabinet 1 — front left,Cabinet1DrawerCabinetHighChannelBackLayer1Body,-Y,5.7999999999999545,914.8,79.20000000000002,71187.19518537365,7,14,profiles/Cabinet1DrawerCabinetHighChannelBackLayer2Body.dxf
Cabinet2DrawerFaceFrameOuterBody,Cabinet 2 drawer face frame — outer,Cabinet 2 — front right,Cabinet2DrawerFaceFrameInnerBody,+X,5.800000000000182,765.9999999999966,359.59999999999894,44215.30364213193,2,374,profiles/Cabinet2DrawerFaceFrameOuterBody.dxf
Cabinet2DrawerFaceFrameInnerBody,Cabinet 2 drawer face frame — inner,Cabinet 2 — front right,Cabinet2DrawerFaceFrameOuterBody,-X,5.800000000008367,765.9999999999984,359.5999999999975,44095.82364214006,4,382,profiles/Cabinet2DrawerFaceFrameInnerBody.dxf
Cabinet2CenterSupportOuterBody,Center top support — outer001,Cabinet 2 — front right,Cabinet2CenterSupportInnerBody,-Y,5.800000000000011,961.4000000000133,34.1999999999976,25996.88548245527,1,52,profiles/Cabinet2CenterSupportOuterBody.dxf
Cabinet2CenterSupportInnerBody,Center top support — inner001,Cabinet 2 — front right,Cabinet2CenterSupportOuterBody,+Y,5.800000000000011,961.4000000000133,34.1999999999976,25996.885482457477,1,52,profiles/Cabinet2CenterSupportInnerBody.dxf
Cabinet2DrawerFaceOuterBody,Drawer face — outer001,Cabinet 2 drawer,Cabinet2DrawerFaceInnerBody,+X,5.800000000000182,715.6,309.20000000000005,202768.2376925219,3,326,profiles/Cabinet2DrawerFaceOuterBody.dxf
Cabinet2DrawerFaceInnerBody,Drawer face — inner001,Cabinet 2 drawer,Cabinet2DrawerFaceOuterBody,-X,5.800000000000182,715.6000000000001,309.20000000000005,198773.77769252183,15,360,profiles/Cabinet2DrawerFaceInnerBody.dxf
Cabinet2DrawerSideLowOuterBody,Drawer side — lowouter001,Cabinet 2 drawer,Cabinet2DrawerSideLowInnerBody,-Y,5.800000000000168,947.8000000000002,177.8,164031.5368146895,7,70,profiles/Cabinet2DrawerSideLowOuterBody.dxf
Cabinet2DrawerSideLowInnerBody,Drawer side — lowinner001,Cabinet 2 drawer,Cabinet2DrawerSideLowOuterBody,+Y,5.800000000000068,947.8000000000015,177.8,164031.53681469182,7,70,profiles/Cabinet2DrawerSideLowInnerBody.dxf
Cabinet2DrawerSideHighInnerBody,Drawer side — highinner001,Cabinet 2 drawer,Cabinet2DrawerSideHighOuterBody,-Y,5.7999999999999545,947.8000000000025,177.8,164031.53681469202,7,70,profiles/Cabinet2DrawerSideHighInnerBody.dxf
Cabinet2DrawerSideHighOuterBody,Drawer side — highouter001,Cabinet 2 drawer,Cabinet2DrawerSideHighInnerBody,+Y,5.800000000000978,947.8000000000022,177.8,164031.53681466094,7,70,profiles/Cabinet2DrawerSideHighOuterBody.dxf
Cabinet2DrawerBackInnerBody,Drawer back — inner001,Cabinet 2 drawer,Cabinet2DrawerBackOuterBody,+X,5.800000000003138,693.4,177.8,118862.74318525888,7,74,profiles/Cabinet2DrawerBackInnerBody.dxf
Cabinet2DrawerBackOuterBody,Drawer back — outer001,Cabinet 2 drawer,Cabinet2DrawerBackInnerBody,-X,5.80000000000814,693.4,177.8,118862.74318509645,7,74,profiles/Cabinet2DrawerBackOuterBody.dxf
Cabinet2DrawerBottomBody,Drawer bottom — single ply001,Cabinet 2 drawer,,+Z,5.799999999999997,947.8000000000013,693.3999999999988,637560.9909649112,1,100,profiles/Cabinet2DrawerBottomBody.dxf
Cabinet2DrawerLowSlideLayer1Body,Drawer slide — low side — layer 001,Cabinet 2 drawer,Cabinet2DrawerLowSlideLayer2Body,-Y,5.800000000000001,928.3999999999999,25.400000000000016,23386.358811332866,3,6,profiles/Cabinet2DrawerLowSlideLayer1Body.dxf
Cabinet2DrawerLowSlideLayer2Body,Drawer slide — low side — layer 002,Cabinet 2 drawer,Cabinet2DrawerLowSlideLayer1Body,+Y,5.800000000000001,928.3999999999999,25.400000000000016,23386.358811332873,3,6,profiles/Cabinet2DrawerLowSlideLayer2Body.dxf
Cabinet2DrawerHighSlideLayer1Body,Drawer slide — high side — layer 001,Cabinet 2 drawer,Cabinet2DrawerHighSlideLayer2Body,-Y,5.7999999999999545,928.3999999999999,25.400000000000016,23386.358811333004,3,6,profiles/Cabinet2DrawerHighSlideLayer1Body.dxf
Cabinet2DrawerHighSlideLayer2Body,Drawer slide — high side — layer 002,Cabinet 2 drawer,Cabinet2DrawerHighSlideLayer1Body,+Y,5.7999999999999545,928.3999999999999,25.400000000000016,23386.358811333,3,6,profiles/Cabinet2DrawerHighSlideLayer2Body.dxf
Cabinet2DrawerCabinetLowSupportLayer3Body,Cabinet 2 drawer cabinet lowsupport strip — layer 3,Cabinet 2 — front right,Cabinet2DrawerCabinetLowSupportLayer4Body,-Y,5.800000000000001,914.8000000000002,25.400000000000016,23040.918811332864,3,6,profiles/Cabinet2DrawerCabinetLowSupportLayer3Body.dxf
Cabinet2DrawerCabinetLowSupportLayer4Body,Cabinet 2 drawer cabinet lowsupport strip — layer 4,Cabinet 2 — front right,Cabinet2DrawerCabinetLowSupportLayer3Body,+Y,5.799999999999997,914.8000000000002,25.400000000000016,23040.918811332886,3,6,profiles/Cabinet2DrawerCabinetLowSupportLayer4Body.dxf
Cabinet2DrawerCabinetLowAntiTipLayer3Body,Cabinet 2 drawer cabinet lowantitip strip — layer 3,Cabinet 2 — front right,Cabinet2DrawerCabinetLowAntiTipLayer4Body,-Y,5.800000000000001,914.8000000000002,25.400000000000016,23040.918811332864,3,6,profiles/Cabinet2DrawerCabinetLowAntiTipLayer3Body.dxf
Cabinet2DrawerCabinetLowAntiTipLayer4Body,Cabinet 2 drawer cabinet lowantitip strip — layer 4,Cabinet 2 — front right,Cabinet2DrawerCabinetLowAntiTipLayer3Body,+Y,5.799999999999997,914.8000000000002,25.400000000000016,23040.918811332886,3,6,profiles/Cabinet2DrawerCabinetLowAntiTipLayer4Body.dxf
Cabinet2DrawerCabinetHighSupportLayer3Body,Cabinet 2 drawer cabinet highsupport strip — layer 3,Cabinet 2 — front right,Cabinet2DrawerCabinetHighSupportLayer4Body,+Y,5.7999999999999545,914.8000000000002,25.400000000000016,23040.918811332987,3,6,profiles/Cabinet2DrawerCabinetHighSupportLayer3Body.dxf
Cabinet2DrawerCabinetHighSupportLayer4Body,Cabinet 2 drawer cabinet highsupport strip — layer 4,Cabinet 2 — front right,Cabinet2DrawerCabinetHighSupportLayer3Body,-Y,5.7999999999999545,914.8000000000002,25.400000000000016,23040.918811332987,3,6,profiles/Cabinet2DrawerCabinetHighSupportLayer4Body.dxf
Cabinet2DrawerCabinetHighAntiTipLayer3Body,Cabinet 2 drawer cabinet highantitip strip — layer 3,Cabinet 2 — front right,Cabinet2DrawerCabinetHighAntiTipLayer4Body,+Y,5.7999999999999545,914.8000000000002,25.400000000000016,23040.918811332995,3,6,profiles/Cabinet2DrawerCabinetHighAntiTipLayer3Body.dxf
Cabinet2DrawerCabinetHighAntiTipLayer4Body,Cabinet 2 drawer cabinet highantitip strip — layer 4,Cabinet 2 — front right,Cabinet2DrawerCabinetHighAntiTipLayer3Body,-Y,5.7999999999999545,914.8000000000002,25.400000000000016,23040.918811332995,3,6,profiles/Cabinet2DrawerCabinetHighAntiTipLayer4Body.dxf
Cabinet2DrawerCabinetLowChannelBackLayer1Body,Cabinet 2 drawer cabinet low channel back — layer 1,Cabinet 2 — front right,Cabinet2DrawerCabinetLowChannelBackLayer2Body,-Y,5.799999999999999,914.8000000000002,79.20000000000002,71187.19518537333,7,14,profiles/Cabinet2DrawerCabinetLowChannelBackLayer1Body.dxf
Cabinet2DrawerCabinetLowChannelBackLayer2Body,Cabinet 2 drawer cabinet low channel back — layer 2,Cabinet 2 — front right,Cabinet2DrawerCabinetLowChannelBackLayer1Body,+Y,5.800000000000001,914.8000000000002,79.20000000000002,71187.19518537333,7,14,profiles/Cabinet2DrawerCabinetLowChannelBackLayer2Body.dxf
Cabinet2DrawerCabinetHighChannelBackLayer1Body,Cabinet 2 drawer cabinet high channel back — layer 1,Cabinet 2 — front right,Cabinet2DrawerCabinetHighChannelBackLayer2Body,+Y,5.7999999999999545,914.8000000000002,79.20000000000002,71187.19518537371,7,14,profiles/Cabinet2DrawerCabinetHighChannelBackLayer1Body.dxf
Cabinet2DrawerCabinetHighChannelBackLayer2Body,Cabinet 2 drawer cabinet high channel back — layer 2,Cabinet 2 — front right,Cabinet2DrawerCabinetHighChannelBackLayer1Body,-Y,5.7999999999999545,914.8000000000002,79.20000000000002,71187.19518537365,7,14,profiles/Cabinet2DrawerCabinetHighChannelBackLayer2Body.dxf
Cabinet3DrawerFaceFrameOuterBody,Cabinet 3 drawer face frame — outer,Cabinet 3 — front left,Cabinet3DrawerFaceFrameInnerBody,-X,5.800000000000011,766.0000000000025,359.60000000000014,44215.30364217174,2,374,profiles/Cabinet3DrawerFaceFrameOuterBody.dxf
Cabinet3DrawerFaceFrameInnerBody,Cabinet 3 drawer face frame — inner,Cabinet 3 — front left,Cabinet3DrawerFaceFrameOuterBody,+X,5.800000000000978,765.9999999999985,359.5999999999992,44095.82364215849,4,382,profiles/Cabinet3DrawerFaceFrameInnerBody.dxf
Cabinet3CenterSupportOuterBody,Center top support — outer002,Cabinet 3 — front left,Cabinet3CenterSupportInnerBody,-Y,5.7999999999999545,961.3999999999997,34.19999999999925,25996.885482460144,1,52,profiles/Cabinet3CenterSupportOuterBody.dxf
Cabinet3CenterSupportInnerBody,Center top support — inner002,Cabinet 3 — front left,Cabinet3CenterSupportOuterBody,+Y,5.7999999999999545,961.3999999999997,34.19999999999925,25996.885482451307,1,52,profiles/Cabinet3CenterSupportInnerBody.dxf
Cabinet3DrawerFaceOuterBody,Drawer face — outer002,Cabinet 3 drawer,Cabinet3DrawerFaceInnerBody,-X,5.7999999999999545,715.6000000000003,309.2000000000001,202768.23769252727,3,326,profiles/Cabinet3DrawerFaceOuterBody.dxf
Cabinet3DrawerFaceInnerBody,Drawer face — inner002,Cabinet 3 drawer,Cabinet3DrawerFaceOuterBody,+X,5.800000000000068,715.6000000000003,309.2000000000001,198773.77769252344,15,360,profiles/Cabinet3DrawerFaceInnerBody.dxf
Cabinet3DrawerSideLowOuterBody,Drawer side — lowouter002,Cabinet 3 drawer,Cabinet3DrawerSideLowInnerBody,-Y,5.800000000000864,947.8000000000001,177.8,164031.53681466499,7,70,profiles/Cabinet3DrawerSideLowOuterBody.dxf
Cabinet3DrawerSideLowInnerBody,Drawer side — lowinner002,Cabinet 3 drawer,Cabinet3DrawerSideLowOuterBody,+Y,5.80000000000075,947.8000000000046,177.8,164031.53681467488,7,70,profiles/Cabinet3DrawerSideLowInnerBody.dxf
Cabinet3DrawerSideHighInnerBody,Drawer side — highinner002,Cabinet 3 drawer,Cabinet3DrawerSideHighOuterBody,-Y,5.7999999999999545,947.8000000000046,177.8,164031.53681471935,7,70,profiles/Cabinet3DrawerSideHighInnerBody.dxf
Cabinet3DrawerSideHighOuterBody,Drawer side — highouter002,Cabinet 3 drawer,Cabinet3DrawerSideHighInnerBody,+Y,5.800000000004729,947.8000000000046,177.8,164031.53681460166,7,70,profiles/Cabinet3DrawerSideHighOuterBody.dxf
Cabinet3DrawerBackInnerBody,Drawer back — inner002,Cabinet 3 drawer,Cabinet3DrawerBackOuterBody,-X,5.800000000001319,693.3999999999999,177.8,118862.74318528308,7,74,profiles/Cabinet3DrawerBackInnerBody.dxf
Cabinet3DrawerBackOuterBody,Drawer back — outer002,Cabinet 3 drawer,Cabinet3DrawerBackInnerBody,+X,5.800000000006094,693.3999999999999,177.8,118862.74318522064,7,74,profiles/Cabinet3DrawerBackOuterBody.dxf
Cabinet3DrawerBottomBody,Drawer bottom — single ply002,Cabinet 3 drawer,,+Z,5.799999999999997,947.8000000000012,693.4000000000011,637560.9909649097,1,100,profiles/Cabinet3DrawerBottomBody.dxf
Cabinet3DrawerLowSlideLayer1Body,Drawer slide — low side — layer 003,Cabinet 3 drawer,Cabinet3DrawerLowSlideLayer2Body,-Y,5.7999999999999545,928.4,25.400000000000016,23386.358811332997,3,6,profiles/Cabinet3DrawerLowSlideLayer1Body.dxf
Cabinet3DrawerLowSlideLayer2Body,Drawer slide — low side — layer 004,Cabinet 3 drawer,Cabinet3DrawerLowSlideLayer1Body,+Y,5.7999999999999545,928.4,25.400000000000016,23386.358811333,3,6,profiles/Cabinet3DrawerLowSlideLayer2Body.dxf
Cabinet3DrawerHighSlideLayer1Body,Drawer slide — high side — layer 003,Cabinet 3 drawer,Cabinet3DrawerHighSlideLayer2Body,-Y,5.7999999999999545,928.4,25.400000000000016,23386.358811332997,3,6,profiles/Cabinet3DrawerHighSlideLayer1Body.dxf
Cabinet3DrawerHighSlideLayer2Body,Drawer slide — high side — layer 004,Cabinet 3 drawer,Cabinet3DrawerHighSlideLayer1Body,+Y,5.7999999999999545,928.4,25.400000000000016,23386.358811333004,3,6,profiles/Cabinet3DrawerHighSlideLayer2Body.dxf
Cabinet3DrawerCabinetLowSupportLayer3Body,Cabinet 3 drawer cabinet lowsupport strip — layer 3,Cabinet 3 — front left,Cabinet3DrawerCabinetLowSupportLayer4Body,-Y,5.7999999999999545,914.8,25.400000000000016,23040.918811333002,3,6,profiles/Cabinet3DrawerCabinetLowSupportLayer3Body.dxf
Cabinet3DrawerCabinetLowSupportLayer4Body,Cabinet 3 drawer cabinet lowsupport strip — layer 4,Cabinet 3 — front left,Cabinet3DrawerCabinetLowSupportLayer3Body,+Y,5.7999999999999545,914.8,25.400000000000016,23040.918811332987,3,6,profiles/Cabinet3DrawerCabinetLowSupportLayer4Body.dxf
Cabinet3DrawerCabinetLowAntiTipLayer3Body,Cabinet 3 drawer cabinet lowantitip strip — layer 3,Cabinet 3 — front left,Cabinet3DrawerCabinetLowAntiTipLayer4Body,-Y,5.7999999999999545,914.8,25.400000000000016,23040.91881133301,3,6,profiles/Cabinet3DrawerCabinetLowAntiTipLayer3Body.dxf
Cabinet3DrawerCabinetLowAntiTipLayer4Body,Cabinet 3 drawer cabinet lowantitip strip — layer 4,Cabinet 3 — front left,Cabinet3DrawerCabinetLowAntiTipLayer3Body,+Y,5.7999999999999545,914.8,25.400000000000016,23040.918811332995,3,6,profiles/Cabinet3DrawerCabinetLowAntiTipLayer4Body.dxf
Cabinet3DrawerCabinetHighSupportLayer3Body,Cabinet 3 drawer cabinet highsupport strip — layer 3,Cabinet 3 — front left,Cabinet3DrawerCabinetHighSupportLayer4Body,+Y,5.7999999999999545,914.8,25.400000000000016,23040.918811333002,3,6,profiles/Cabinet3DrawerCabinetHighSupportLayer3Body.dxf
Cabinet3DrawerCabinetHighSupportLayer4Body,Cabinet 3 drawer cabinet highsupport strip — layer 4,Cabinet 3 — front left,Cabinet3DrawerCabinetHighSupportLayer3Body,-Y,5.7999999999999545,914.8,25.400000000000016,23040.918811333002,3,6,profiles/Cabinet3DrawerCabinetHighSupportLayer4Body.dxf
Cabinet3DrawerCabinetHighAntiTipLayer3Body,Cabinet 3 drawer cabinet highantitip strip — layer 3,Cabinet 3 — front left,Cabinet3DrawerCabinetHighAntiTipLayer4Body,+Y,5.7999999999999545,914.8,25.400000000000016,23040.91881133301,3,6,profiles/Cabinet3DrawerCabinetHighAntiTipLayer3Body.dxf
Cabinet3DrawerCabinetHighAntiTipLayer4Body,Cabinet 3 drawer cabinet highantitip strip — layer 4,Cabinet 3 — front left,Cabinet3DrawerCabinetHighAntiTipLayer3Body,-Y,5.7999999999999545,914.8,25.400000000000016,23040.91881133301,3,6,profiles/Cabinet3DrawerCabinetHighAntiTipLayer4Body.dxf
Cabinet3DrawerCabinetLowChannelBackLayer1Body,Cabinet 3 drawer cabinet low channel back — layer 1,Cabinet 3 — front left,Cabinet3DrawerCabinetLowChannelBackLayer2Body,-Y,5.7999999999999545,914.8,79.20000000000002,71187.19518537361,7,14,profiles/Cabinet3DrawerCabinetLowChannelBackLayer1Body.dxf
Cabinet3DrawerCabinetLowChannelBackLayer2Body,Cabinet 3 drawer cabinet low channel back — layer 2,Cabinet 3 — front left,Cabinet3DrawerCabinetLowChannelBackLayer1Body,+Y,5.7999999999999545,914.8,79.20000000000002,71187.19518537371,7,14,profiles/Cabinet3DrawerCabinetLowChannelBackLayer2Body.dxf
Cabinet3DrawerCabinetHighChannelBackLayer1Body,Cabinet 3 drawer cabinet high channel back — layer 1,Cabinet 3 — front left,Cabinet3DrawerCabinetHighChannelBackLayer2Body,+Y,5.7999999999999545,914.8,79.20000000000002,71187.19518537361,7,14,profiles/Cabinet3DrawerCabinetHighChannelBackLayer1Body.dxf
Cabinet3DrawerCabinetHighChannelBackLayer2Body,Cabinet 3 drawer cabinet high channel back — layer 2,Cabinet 3 — front left,Cabinet3DrawerCabinetHighChannelBackLayer1Body,-Y,5.7999999999999545,914.8,79.20000000000002,71187.19518537371,7,14,profiles/Cabinet3DrawerCabinetHighChannelBackLayer2Body.dxf
Cabinet4DrawerFaceFrameOuterBody,Cabinet 4 drawer face frame — outer,Cabinet 4 — front right,Cabinet4DrawerFaceFrameInnerBody,+X,5.800000000000182,765.9999999999955,359.5999999999992,44215.30364214563,2,374,profiles/Cabinet4DrawerFaceFrameOuterBody.dxf
Cabinet4DrawerFaceFrameInnerBody,Cabinet 4 drawer face frame — inner,Cabinet 4 — front right,Cabinet4DrawerFaceFrameOuterBody,-X,5.800000000008822,766.0000000000006,359.5999999999978,44095.82364213115,4,382,profiles/Cabinet4DrawerFaceFrameInnerBody.dxf
Cabinet4CenterSupportOuterBody,Center top support — outer003,Cabinet 4 — front right,Cabinet4CenterSupportInnerBody,-Y,5.7999999999999545,961.4000000000135,34.19999999999783,25996.885482456226,1,52,profiles/Cabinet4CenterSupportOuterBody.dxf
Cabinet4CenterSupportInnerBody,Center top support — inner003,Cabinet 4 — front right,Cabinet4CenterSupportOuterBody,+Y,5.7999999999999545,961.4000000000135,34.19999999999783,25996.88548245589,1,52,profiles/Cabinet4CenterSupportInnerBody.dxf
Cabinet4DrawerFaceOuterBody,Drawer face — outer003,Cabinet 4 drawer,Cabinet4DrawerFaceInnerBody,+X,5.800000000000182,715.6000000000003,309.2000000000001,202768.2376925219,3,326,profiles/Cabinet4DrawerFaceOuterBody.dxf
Cabinet4DrawerFaceInnerBody,Drawer face — inner003,Cabinet 4 drawer,Cabinet4DrawerFaceOuterBody,-X,5.800000000000182,715.6000000000003,309.2000000000001,198773.77769252172,15,360,profiles/Cabinet4DrawerFaceInnerBody.dxf
Cabinet4DrawerSideLowOuterBody,Drawer side — lowouter003,Cabinet 4 drawer,Cabinet4DrawerSideLowInnerBody,-Y,5.80000000000075,947.8000000000009,177.8,164031.53681466408,7,70,profiles/Cabinet4DrawerSideLowOuterBody.dxf
Cabinet4DrawerSideLowInnerBody,Drawer side — lowinner003,Cabinet 4 drawer,Cabinet4DrawerSideLowOuterBody,+Y,5.800000000000296,947.8000000000022,177.8,164031.53681468434,7,70,profiles/Cabinet4DrawerSideLowInnerBody.dxf
Cabinet4DrawerSideHighInnerBody,Drawer side — highinner003,Cabinet 4 drawer,Cabinet4DrawerSideHighOuterBody,-Y,5.7999999999999545,947.8000000000022,177.8,164031.53681467063,7,70,profiles/Cabinet4DrawerSideHighInnerBody.dxf
Cabinet4DrawerSideHighOuterBody,Drawer side — highouter003,Cabinet 4 drawer,Cabinet4DrawerSideHighInnerBody,+Y,5.800000000001546,947.8000000000022,177.8,164031.53681462508,7,70,profiles/Cabinet4DrawerSideHighOuterBody.dxf
Cabinet4DrawerBackInnerBody,Drawer back — inner003,Cabinet 4 drawer,Cabinet4DrawerBackOuterBody,+X,5.8000000000017735,693.3999999999999,177.8,118862.74318528957,7,74,profiles/Cabinet4DrawerBackInnerBody.dxf
Cabinet4DrawerBackOuterBody,Drawer back — outer003,Cabinet 4 drawer,Cabinet4DrawerBackInnerBody,-X,5.800000000004957,693.3999999999999,177.8,118862.74318517512,7,74,profiles/Cabinet4DrawerBackOuterBody.dxf
Cabinet4DrawerBottomBody,Drawer bottom — single ply003,Cabinet 4 drawer,,+Z,5.799999999999997,947.8000000000009,693.3999999999967,637560.9909649095,1,100,profiles/Cabinet4DrawerBottomBody.dxf
Cabinet4DrawerLowSlideLayer1Body,Drawer slide — low side — layer 005,Cabinet 4 drawer,Cabinet4DrawerLowSlideLayer2Body,-Y,5.7999999999999545,928.3999999999999,25.400000000000016,23386.358811332997,3,6,profiles/Cabinet4DrawerLowSlideLayer1Body.dxf
Cabinet4DrawerLowSlideLayer2Body,Drawer slide — low side — layer 006,Cabinet 4 drawer,Cabinet4DrawerLowSlideLayer1Body,+Y,5.7999999999999545,928.3999999999999,25.400000000000016,23386.358811333,3,6,profiles/Cabinet4DrawerLowSlideLayer2Body.dxf
Cabinet4DrawerHighSlideLayer1Body,Drawer slide — high side — layer 005,Cabinet 4 drawer,Cabinet4DrawerHighSlideLayer2Body,-Y,5.7999999999999545,928.3999999999999,25.400000000000016,23386.358811332997,3,6,profiles/Cabinet4DrawerHighSlideLayer1Body.dxf
Cabinet4DrawerHighSlideLayer2Body,Drawer slide — high side — layer 006,Cabinet 4 drawer,Cabinet4DrawerHighSlideLayer1Body,+Y,5.7999999999999545,928.3999999999999,25.400000000000016,23386.358811333004,3,6,profiles/Cabinet4DrawerHighSlideLayer2Body.dxf
Cabinet4DrawerCabinetLowSupportLayer3Body,Cabinet 4 drawer cabinet lowsupport strip — layer 3,Cabinet 4 — front right,Cabinet4DrawerCabinetLowSupportLayer4Body,-Y,5.7999999999999545,914.8000000000002,25.400000000000016,23040.918811333002,3,6,profiles/Cabinet4DrawerCabinetLowSupportLayer3Body.dxf
Cabinet4DrawerCabinetLowSupportLayer4Body,Cabinet 4 drawer cabinet lowsupport strip — layer 4,Cabinet 4 — front right,Cabinet4DrawerCabinetLowSupportLayer3Body,+Y,5.7999999999999545,914.8000000000002,25.400000000000016,23040.918811332987,3,6,profiles/Cabinet4DrawerCabinetLowSupportLayer4Body.dxf
Cabinet4DrawerCabinetLowAntiTipLayer3Body,Cabinet 4 drawer cabinet lowantitip strip — layer 3,Cabinet 4 — front right,Cabinet4DrawerCabinetLowAntiTipLayer4Body,-Y,5.7999999999999545,914.8000000000002,25.400000000000016,23040.91881133301,3,6,profiles/Cabinet4DrawerCabinetLowAntiTipLayer3Body.dxf
Cabinet4DrawerCabinetLowAntiTipLayer4Body,Cabinet 4 drawer cabinet lowantitip strip — layer 4,Cabinet 4 — front right,Cabinet4DrawerCabinetLowAntiTipLayer3Body,+Y,5.7999999999999545,914.8000000000002,25.400000000000016,23040.918811332995,3,6,profiles/Cabinet4DrawerCabinetLowAntiTipLayer4Body.dxf
Cabinet4DrawerCabinetHighSupportLayer3Body,Cabinet 4 drawer cabinet highsupport strip — layer 3,Cabinet 4 — front right,Cabinet4DrawerCabinetHighSupportLayer4Body,+Y,5.7999999999999545,914.8000000000002,25.400000000000016,23040.918811333002,3,6,profiles/Cabinet4DrawerCabinetHighSupportLayer3Body.dxf
Cabinet4DrawerCabinetHighSupportLayer4Body,Cabinet 4 drawer cabinet highsupport strip — layer 4,Cabinet 4 — front right,Cabinet4DrawerCabinetHighSupportLayer3Body,-Y,5.7999999999999545,914.8000000000002,25.400000000000016,23040.918811333002,3,6,profiles/Cabinet4DrawerCabinetHighSupportLayer4Body.dxf
Cabinet4DrawerCabinetHighAntiTipLayer3Body,Cabinet 4 drawer cabinet highantitip strip — layer 3,Cabinet 4 — front right,Cabinet4DrawerCabinetHighAntiTipLayer4Body,+Y,5.7999999999999545,914.8000000000002,25.400000000000016,23040.91881133301,3,6,profiles/Cabinet4DrawerCabinetHighAntiTipLayer3Body.dxf
Cabinet4DrawerCabinetHighAntiTipLayer4Body,Cabinet 4 drawer cabinet highantitip strip — layer 4,Cabinet 4 — front right,Cabinet4DrawerCabinetHighAntiTipLayer3Body,-Y,5.7999999999999545,914.8000000000002,25.400000000000016,23040.91881133301,3,6,profiles/Cabinet4DrawerCabinetHighAntiTipLayer4Body.dxf
Cabinet4DrawerCabinetLowChannelBackLayer1Body,Cabinet 4 drawer cabinet low channel back — layer 1,Cabinet 4 — front right,Cabinet4DrawerCabinetLowChannelBackLayer2Body,-Y,5.7999999999999545,914.8000000000002,79.20000000000002,71187.1951853736,7,14,profiles/Cabinet4DrawerCabinetLowChannelBackLayer1Body.dxf
Cabinet4DrawerCabinetLowChannelBackLayer2Body,Cabinet 4 drawer cabinet low channel back — layer 2,Cabinet 4 — front right,Cabinet4DrawerCabinetLowChannelBackLayer1Body,+Y,5.7999999999999545,914.8000000000002,79.20000000000002,71187.19518537371,7,14,profiles/Cabinet4DrawerCabinetLowChannelBackLayer2Body.dxf
Cabinet4DrawerCabinetHighChannelBackLayer1Body,Cabinet 4 drawer cabinet high channel back — layer 1,Cabinet 4 — front right,Cabinet4DrawerCabinetHighChannelBackLayer2Body,+Y,5.7999999999999545,914.8000000000002,79.20000000000002,71187.1951853736,7,14,profiles/Cabinet4DrawerCabinetHighChannelBackLayer1Body.dxf
Cabinet4DrawerCabinetHighChannelBackLayer2Body,Cabinet 4 drawer cabinet high channel back — layer 2,Cabinet 4 — front right,Cabinet4DrawerCabinetHighChannelBackLayer1Body,-Y,5.7999999999999545,914.8000000000002,79.20000000000002,71187.19518537371,7,14,profiles/Cabinet4DrawerCabinetHighChannelBackLayer2Body.dxf
Cabinet7LowerDrawerCombinedFaceFrameOuterBody,Cabinet 7 drawer combined face frame — outer,"Cabinet 7 — left bedside table, front away from wall",Cabinet7LowerDrawerCombinedFaceFrameInnerBody,-Y,5.7999999999999545,511.99999999999653,359.59999999999843,46091.86345229918,3,600,profiles/Cabinet7LowerDrawerCombinedFaceFrameOuterBody.dxf
Cabinet7LowerDrawerCombinedFaceFrameInnerBody,Cabinet 7 drawer combined face frame — inner,"Cabinet 7 — left bedside table, front away from wall",Cabinet7LowerDrawerCombinedFaceFrameOuterBody,+Y,5.7999999999999545,511.99999999999613,359.59999999999786,46091.86345229894,3,600,profiles/Cabinet7LowerDrawerCombinedFaceFrameInnerBody.dxf
Cabinet7LowerDrawerFaceOuterBody,Drawer face — outer004,Cabinet 7 lower drawer,Cabinet7LowerDrawerFaceInnerBody,-Y,5.7999999999999545,461.6000000000002,143.00000000000003,57223.62544702416,3,324,profiles/Cabinet7LowerDrawerFaceOuterBody.dxf
Cabinet7LowerDrawerFaceInnerBody,Drawer face — inner004,Cabinet 7 lower drawer,Cabinet7LowerDrawerFaceOuterBody,+Y,5.7999999999999545,461.6000000000002,143.00000000000003,54868.24544702413,13,348,profiles/Cabinet7LowerDrawerFaceInnerBody.dxf
Cabinet7LowerDrawerSideLowOuterBody,Drawer side — lowouter004,Cabinet 7 lower drawer,Cabinet7LowerDrawerSideLowInnerBody,-X,5.799999999999997,490.5999999999997,100.0,46653.236814692464,7,70,profiles/Cabinet7LowerDrawerSideLowOuterBody.dxf
Cabinet7LowerDrawerSideLowInnerBody,Drawer side — lowinner004,Cabinet 7 lower drawer,Cabinet7LowerDrawerSideLowOuterBody,+X,5.800000000000004,490.5999999999997,100.0,46653.236814692435,7,70,profiles/Cabinet7LowerDrawerSideLowInnerBody.dxf
Cabinet7LowerDrawerSideHighInnerBody,Drawer side — highinner004,Cabinet 7 lower drawer,Cabinet7LowerDrawerSideHighOuterBody,-X,5.800000000000011,490.60000000000014,100.0,46653.236814688666,7,70,profiles/Cabinet7LowerDrawerSideHighInnerBody.dxf
Cabinet7LowerDrawerSideHighOuterBody,Drawer side — highouter004,Cabinet 7 lower drawer,Cabinet7LowerDrawerSideHighInnerBody,+X,5.800000000000011,490.60000000000014,100.0,46653.236814686155,7,70,profiles/Cabinet7LowerDrawerSideHighOuterBody.dxf
Cabinet7LowerDrawerBackInnerBody,Drawer back — inner004,Cabinet 7 lower drawer,Cabinet7LowerDrawerBackOuterBody,-Y,5.800000000001546,439.4,99.99999999999999,41310.90318529197,7,74,profiles/Cabinet7LowerDrawerBackInnerBody.dxf
Cabinet7LowerDrawerBackOuterBody,Drawer back — outer004,Cabinet 7 lower drawer,Cabinet7LowerDrawerBackInnerBody,+Y,5.800000000008822,439.4,99.99999999999999,41310.903185262745,7,74,profiles/Cabinet7LowerDrawerBackOuterBody.dxf
Cabinet7LowerDrawerBottomBody,Drawer bottom — single ply004,Cabinet 7 lower drawer,,+Z,5.799999999999997,439.39999999999776,490.60000000000446,204607.83096491467,1,100,profiles/Cabinet7LowerDrawerBottomBody.dxf
Cabinet7LowerDrawerLowSlideLayer1Body,Drawer slide — low side — layer 007,Cabinet 7 lower drawer,Cabinet7LowerDrawerLowSlideLayer2Body,-X,5.800000000000001,471.19999999999993,25.400000000000002,11773.478811332876,3,6,profiles/Cabinet7LowerDrawerLowSlideLayer1Body.dxf
Cabinet7LowerDrawerLowSlideLayer2Body,Drawer slide — low side — layer 008,Cabinet 7 lower drawer,Cabinet7LowerDrawerLowSlideLayer1Body,+X,5.800000000000001,471.19999999999993,25.400000000000002,11773.47881133288,3,6,profiles/Cabinet7LowerDrawerLowSlideLayer2Body.dxf
Cabinet7LowerDrawerHighSlideLayer1Body,Drawer slide — high side — layer 007,Cabinet 7 lower drawer,Cabinet7LowerDrawerHighSlideLayer2Body,-X,5.800000000000011,471.19999999999993,25.400000000000002,11773.47881133286,3,6,profiles/Cabinet7LowerDrawerHighSlideLayer1Body.dxf
Cabinet7LowerDrawerHighSlideLayer2Body,Drawer slide — high side — layer 008,Cabinet 7 lower drawer,Cabinet7LowerDrawerHighSlideLayer1Body,+X,5.800000000000011,471.19999999999993,25.400000000000002,11773.478811332854,3,6,profiles/Cabinet7LowerDrawerHighSlideLayer2Body.dxf
Cabinet7LowerDrawerCabinetLowSupportLayer3Body,Cabinet 7 lower drawer cabinet lowsupport strip — layer 3,"Cabinet 7 — left bedside table, front away from wall",Cabinet7LowerDrawerCabinetLowSupportLayer4Body,-X,5.800000000000001,457.5999999999998,25.400000000000002,11428.038811332877,3,6,profiles/Cabinet7LowerDrawerCabinetLowSupportLayer3Body.dxf
Cabinet7LowerDrawerCabinetLowSupportLayer4Body,Cabinet 7 lower drawer cabinet lowsupport strip — layer 4,"Cabinet 7 — left bedside table, front away from wall",Cabinet7LowerDrawerCabinetLowSupportLayer3Body,+X,5.799999999999997,457.5999999999998,25.400000000000002,11428.038811332885,3,6,profiles/Cabinet7LowerDrawerCabinetLowSupportLayer4Body.dxf
Cabinet7LowerDrawerCabinetLowAntiTipLayer3Body,Cabinet 7 lower drawer cabinet lowantitip strip — layer 3,"Cabinet 7 — left bedside table, front away from wall",Cabinet7LowerDrawerCabinetLowAntiTipLayer4Body,-X,5.800000000000001,457.5999999999998,25.400000000000006,11428.038811332879,3,6,profiles/Cabinet7LowerDrawerCabinetLowAntiTipLayer3Body.dxf
Cabinet7LowerDrawerCabinetLowAntiTipLayer4Body,Cabinet 7 lower drawer cabinet lowantitip strip — layer 4,"Cabinet 7 — left bedside table, front away from wall",Cabinet7LowerDrawerCabinetLowAntiTipLayer3Body,+X,5.799999999999997,457.5999999999998,25.400000000000006,11428.038811332886,3,6,profiles/Cabinet7LowerDrawerCabinetLowAntiTipLayer4Body.dxf
Cabinet7LowerDrawerCabinetHighSupportLayer3Body,Cabinet 7 lower drawer cabinet highsupport strip — layer 3,"Cabinet 7 — left bedside table, front away from wall",Cabinet7LowerDrawerCabinetHighSupportLayer4Body,+X,5.800000000000011,457.5999999999998,25.400000000000002,11428.038811332859,3,6,profiles/Cabinet7LowerDrawerCabinetHighSupportLayer3Body.dxf
Cabinet7LowerDrawerCabinetHighSupportLayer4Body,Cabinet 7 lower drawer cabinet highsupport strip — layer 4,"Cabinet 7 — left bedside table, front away from wall",Cabinet7LowerDrawerCabinetHighSupportLayer3Body,-X,5.800000000000011,457.5999999999998,25.400000000000002,11428.038811332859,3,6,profiles/Cabinet7LowerDrawerCabinetHighSupportLayer4Body.dxf
Cabinet7LowerDrawerCabinetHighAntiTipLayer3Body,Cabinet 7 lower drawer cabinet highantitip strip — layer 3,"Cabinet 7 — left bedside table, front away from wall",Cabinet7LowerDrawerCabinetHighAntiTipLayer4Body,+X,5.800000000000011,457.5999999999998,25.400000000000006,11428.03881133286,3,6,profiles/Cabinet7LowerDrawerCabinetHighAntiTipLayer3Body.dxf
Cabinet7LowerDrawerCabinetHighAntiTipLayer4Body,Cabinet 7 lower drawer cabinet highantitip strip — layer 4,"Cabinet 7 — left bedside table, front away from wall",Cabinet7LowerDrawerCabinetHighAntiTipLayer3Body,-X,5.800000000000011,457.5999999999998,25.400000000000006,11428.038811332863,3,6,profiles/Cabinet7LowerDrawerCabinetHighAntiTipLayer4Body.dxf
Cabinet7LowerDrawerCabinetLowChannelBackLayer1Body,Cabinet 7 lower drawer cabinet low channel back — layer 1,"Cabinet 7 — left bedside table, front away from wall",Cabinet7LowerDrawerCabinetLowChannelBackLayer2Body,-X,5.799999999999999,457.5999999999999,79.20000000000002,34976.95518537324,7,14,profiles/Cabinet7LowerDrawerCabinetLowChannelBackLayer1Body.dxf
Cabinet7LowerDrawerCabinetLowChannelBackLayer2Body,Cabinet 7 lower drawer cabinet low channel back — layer 2,"Cabinet 7 — left bedside table, front away from wall",Cabinet7LowerDrawerCabinetLowChannelBackLayer1Body,+X,5.800000000000001,457.5999999999999,79.20000000000002,34976.95518537324,7,14,profiles/Cabinet7LowerDrawerCabinetLowChannelBackLayer2Body.dxf
Cabinet7LowerDrawerCabinetHighChannelBackLayer1Body,Cabinet 7 lower drawer cabinet high channel back — layer 1,"Cabinet 7 — left bedside table, front away from wall",Cabinet7LowerDrawerCabinetHighChannelBackLayer2Body,+X,5.800000000000011,457.5999999999999,79.20000000000002,34976.955185373175,7,14,profiles/Cabinet7LowerDrawerCabinetHighChannelBackLayer1Body.dxf
Cabinet7LowerDrawerCabinetHighChannelBackLayer2Body,Cabinet 7 lower drawer cabinet high channel back — layer 2,"Cabinet 7 — left bedside table, front away from wall",Cabinet7LowerDrawerCabinetHighChannelBackLayer1Body,-X,5.800000000000011,457.5999999999999,79.20000000000002,34976.95518537325,7,14,profiles/Cabinet7LowerDrawerCabinetHighChannelBackLayer2Body.dxf
Cabinet8LowerDrawerCombinedFaceFrameOuterBody,Cabinet 8 drawer combined face frame — outer,"Cabinet 8 — right bedside table, front away from wall",Cabinet8LowerDrawerCombinedFaceFrameInnerBody,-Y,5.7999999999999545,512.0000000000136,359.59999999999854,46091.86345230365,3,600,profiles/Cabinet8LowerDrawerCombinedFaceFrameOuterBody.dxf
Cabinet8LowerDrawerCombinedFaceFrameInnerBody,Cabinet 8 drawer combined face frame — inner,"Cabinet 8 — right bedside table, front away from wall",Cabinet8LowerDrawerCombinedFaceFrameOuterBody,+Y,5.7999999999999545,512.0000000000205,359.5999999999982,46091.86345230473,3,600,profiles/Cabinet8LowerDrawerCombinedFaceFrameInnerBody.dxf
Cabinet8LowerDrawerFaceOuterBody,Drawer face — outer005,Cabinet 8 lower drawer,Cabinet8LowerDrawerFaceInnerBody,-Y,5.7999999999999545,461.6000000000009,143.00000000000014,57223.6254470242,3,324,profiles/Cabinet8LowerDrawerFaceOuterBody.dxf
Cabinet8LowerDrawerFaceInnerBody,Drawer face — inner005,Cabinet 8 lower drawer,Cabinet8LowerDrawerFaceOuterBody,+Y,5.7999999999999545,461.6000000000019,143.00000000000014,54868.24544702406,13,348,profiles/Cabinet8LowerDrawerFaceInnerBody.dxf
Cabinet8LowerDrawerSideLowOuterBody,Drawer side — lowouter005,Cabinet 8 lower drawer,Cabinet8LowerDrawerSideLowInnerBody,-X,5.800000000000182,490.60000000000014,100.0,46653.236814660675,7,70,profiles/Cabinet8LowerDrawerSideLowOuterBody.dxf
Cabinet8LowerDrawerSideLowInnerBody,Drawer side — lowinner005,Cabinet 8 lower drawer,Cabinet8LowerDrawerSideLowOuterBody,+X,5.800000000002001,490.6000000000006,100.0,46653.2368146768,7,70,profiles/Cabinet8LowerDrawerSideLowInnerBody.dxf
Cabinet8LowerDrawerSideHighInnerBody,Drawer side — highinner005,Cabinet 8 lower drawer,Cabinet8LowerDrawerSideHighOuterBody,-X,5.800000000000637,490.6000000000006,100.0,46653.23681467184,7,70,profiles/Cabinet8LowerDrawerSideHighInnerBody.dxf
Cabinet8LowerDrawerSideHighOuterBody,Drawer side — highouter005,Cabinet 8 lower drawer,Cabinet8LowerDrawerSideHighInnerBody,+X,5.800000000000637,490.6000000000006,100.0,46653.23681467771,7,70,profiles/Cabinet8LowerDrawerSideHighOuterBody.dxf
Cabinet8LowerDrawerBackInnerBody,Drawer back — inner005,Cabinet 8 lower drawer,Cabinet8LowerDrawerBackOuterBody,-Y,5.800000000000637,439.4000000000001,99.99999999999999,41310.90318530175,7,74,profiles/Cabinet8LowerDrawerBackInnerBody.dxf
Cabinet8LowerDrawerBackOuterBody,Drawer back — outer005,Cabinet 8 lower drawer,Cabinet8LowerDrawerBackInnerBody,+Y,5.8000000000017735,439.4000000000001,99.99999999999999,41310.90318528883,7,74,profiles/Cabinet8LowerDrawerBackOuterBody.dxf
Cabinet8LowerDrawerBottomBody,Drawer bottom — single ply005,Cabinet 8 lower drawer,,+Z,5.799999999999997,439.3999999999937,490.59999999999945,204607.83096491173,1,100,profiles/Cabinet8LowerDrawerBottomBody.dxf
Cabinet8LowerDrawerLowSlideLayer1Body,Drawer slide — low side — layer 009,Cabinet 8 lower drawer,Cabinet8LowerDrawerLowSlideLayer2Body,-X,5.800000000000182,471.19999999999993,25.400000000000002,11773.478811332634,3,6,profiles/Cabinet8LowerDrawerLowSlideLayer1Body.dxf
Cabinet8LowerDrawerLowSlideLayer2Body,Drawer slide — low side — layer 010,Cabinet 8 lower drawer,Cabinet8LowerDrawerLowSlideLayer1Body,+X,5.800000000000182,471.19999999999993,25.400000000000002,11773.478811332627,3,6,profiles/Cabinet8LowerDrawerLowSlideLayer2Body.dxf
Cabinet8LowerDrawerHighSlideLayer1Body,Drawer slide — high side — layer 009,Cabinet 8 lower drawer,Cabinet8LowerDrawerHighSlideLayer2Body,-X,5.800000000000182,471.19999999999993,25.400000000000002,11773.478811332627,3,6,profiles/Cabinet8LowerDrawerHighSlideLayer1Body.dxf
Cabinet8LowerDrawerHighSlideLayer2Body,Drawer slide — high side — layer 010,Cabinet 8 lower drawer,Cabinet8LowerDrawerHighSlideLayer1Body,+X,5.800000000000182,471.19999999999993,25.400000000000002,11773.478811332634,3,6,profiles/Cabinet8LowerDrawerHighSlideLayer2Body.dxf
Cabinet8LowerDrawerCabinetLowSupportLayer3Body,Cabinet 8 lower drawer cabinet lowsupport strip — layer 3,"Cabinet 8 — right bedside table, front away from wall",Cabinet8LowerDrawerCabinetLowSupportLayer4Body,-X,5.800000000000182,457.5999999999998,25.400000000000002,11428.03881133264,3,6,profiles/Cabinet8LowerDrawerCabinetLowSupportLayer3Body.dxf
Cabinet8LowerDrawerCabinetLowSupportLayer4Body,Cabinet 8 lower drawer cabinet lowsupport strip — layer 4,"Cabinet 8 — right bedside table, front away from wall",Cabinet8LowerDrawerCabinetLowSupportLayer3Body,+X,5.800000000000182,457.5999999999998,25.400000000000002,11428.03881133264,3,6,profiles/Cabinet8LowerDrawerCabinetLowSupportLayer4Body.dxf
Cabinet8LowerDrawerCabinetLowAntiTipLayer3Body,Cabinet 8 lower drawer cabinet lowantitip strip — layer 3,"Cabinet 8 — right bedside table, front away from wall",Cabinet8LowerDrawerCabinetLowAntiTipLayer4Body,-X,5.800000000000182,457.5999999999998,25.400000000000006,11428.03881133264,3,6,profiles/Cabinet8LowerDrawerCabinetLowAntiTipLayer3Body.dxf
Cabinet8LowerDrawerCabinetLowAntiTipLayer4Body,Cabinet 8 lower drawer cabinet lowantitip strip — layer 4,"Cabinet 8 — right bedside table, front away from wall",Cabinet8LowerDrawerCabinetLowAntiTipLayer3Body,+X,5.800000000000182,457.5999999999998,25.400000000000006,11428.038811332643,3,6,profiles/Cabinet8LowerDrawerCabinetLowAntiTipLayer4Body.dxf
Cabinet8LowerDrawerCabinetHighSupportLayer3Body,Cabinet 8 lower drawer cabinet highsupport strip — layer 3,"Cabinet 8 — right bedside table, front away from wall",Cabinet8LowerDrawerCabinetHighSupportLayer4Body,+X,5.800000000000182,457.5999999999998,25.400000000000002,11428.038811332637,3,6,profiles/Cabinet8LowerDrawerCabinetHighSupportLayer3Body.dxf
Cabinet8LowerDrawerCabinetHighSupportLayer4Body,Cabinet 8 lower drawer cabinet highsupport strip — layer 4,"Cabinet 8 — right bedside table, front away from wall",Cabinet8LowerDrawerCabinetHighSupportLayer3Body,-X,5.800000000000182,457.5999999999998,25.400000000000002,11428.038811332637,3,6,profiles/Cabinet8LowerDrawerCabinetHighSupportLayer4Body.dxf
Cabinet8LowerDrawerCabinetHighAntiTipLayer3Body,Cabinet 8 lower drawer cabinet highantitip strip — layer 3,"Cabinet 8 — right bedside table, front away from wall",Cabinet8LowerDrawerCabinetHighAntiTipLayer4Body,+X,5.800000000000182,457.5999999999998,25.400000000000006,11428.03881133264,3,6,profiles/Cabinet8LowerDrawerCabinetHighAntiTipLayer3Body.dxf
Cabinet8LowerDrawerCabinetHighAntiTipLayer4Body,Cabinet 8 lower drawer cabinet highantitip strip — layer 4,"Cabinet 8 — right bedside table, front away from wall",Cabinet8LowerDrawerCabinetHighAntiTipLayer3Body,-X,5.800000000000182,457.5999999999998,25.400000000000006,11428.03881133264,3,6,profiles/Cabinet8LowerDrawerCabinetHighAntiTipLayer4Body.dxf
Cabinet8LowerDrawerCabinetLowChannelBackLayer1Body,Cabinet 8 lower drawer cabinet low channel back — layer 1,"Cabinet 8 — right bedside table, front away from wall",Cabinet8LowerDrawerCabinetLowChannelBackLayer2Body,-X,5.800000000000182,457.5999999999999,79.20000000000002,34976.955185372535,7,14,profiles/Cabinet8LowerDrawerCabinetLowChannelBackLayer1Body.dxf
Cabinet8LowerDrawerCabinetLowChannelBackLayer2Body,Cabinet 8 lower drawer cabinet low channel back — layer 2,"Cabinet 8 — right bedside table, front away from wall",Cabinet8LowerDrawerCabinetLowChannelBackLayer1Body,+X,5.800000000000182,457.5999999999999,79.20000000000002,34976.9551853725,7,14,profiles/Cabinet8LowerDrawerCabinetLowChannelBackLayer2Body.dxf
Cabinet8LowerDrawerCabinetHighChannelBackLayer1Body,Cabinet 8 lower drawer cabinet high channel back — layer 1,"Cabinet 8 — right bedside table, front away from wall",Cabinet8LowerDrawerCabinetHighChannelBackLayer2Body,+X,5.800000000000182,457.5999999999999,79.20000000000002,34976.95518537254,7,14,profiles/Cabinet8LowerDrawerCabinetHighChannelBackLayer1Body.dxf
Cabinet8LowerDrawerCabinetHighChannelBackLayer2Body,Cabinet 8 lower drawer cabinet high channel back — layer 2,"Cabinet 8 — right bedside table, front away from wall",Cabinet8LowerDrawerCabinetHighChannelBackLayer1Body,-X,5.800000000000182,457.5999999999999,79.20000000000002,34976.95518537256,7,14,profiles/Cabinet8LowerDrawerCabinetHighChannelBackLayer2Body.dxf
Cabinet7UpperDrawerFaceOuterBody,Drawer face — outer006,Cabinet 7 upper drawer,Cabinet7UpperDrawerFaceInnerBody,-Y,5.7999999999999545,461.60000000000014,143.00000000000003,57223.62544702415,3,324,profiles/Cabinet7UpperDrawerFaceOuterBody.dxf
Cabinet7UpperDrawerFaceInnerBody,Drawer face — inner006,Cabinet 7 upper drawer,Cabinet7UpperDrawerFaceOuterBody,+Y,5.7999999999999545,461.60000000000014,143.00000000000003,54868.245447023844,13,348,profiles/Cabinet7UpperDrawerFaceInnerBody.dxf
Cabinet7UpperDrawerSideLowOuterBody,Drawer side — lowouter006,Cabinet 7 upper drawer,Cabinet7UpperDrawerSideLowInnerBody,-X,5.799999999999997,490.5999999999997,100.0,46653.23681469249,7,70,profiles/Cabinet7UpperDrawerSideLowOuterBody.dxf
Cabinet7UpperDrawerSideLowInnerBody,Drawer side — lowinner006,Cabinet 7 upper drawer,Cabinet7UpperDrawerSideLowOuterBody,+X,5.800000000000004,490.59999999999945,100.0,46653.23681469259,7,70,profiles/Cabinet7UpperDrawerSideLowInnerBody.dxf
Cabinet7UpperDrawerSideHighInnerBody,Drawer side — highinner006,Cabinet 7 upper drawer,Cabinet7UpperDrawerSideHighOuterBody,-X,5.800000000000011,490.5999999999999,100.0,46653.23681469227,7,70,profiles/Cabinet7UpperDrawerSideHighInnerBody.dxf
Cabinet7UpperDrawerSideHighOuterBody,Drawer side — highouter006,Cabinet 7 upper drawer,Cabinet7UpperDrawerSideHighInnerBody,+X,5.800000000000011,490.60000000000014,100.0,46653.2368146865,7,70,profiles/Cabinet7UpperDrawerSideHighOuterBody.dxf
Cabinet7UpperDrawerBackInnerBody,Drawer back — inner006,Cabinet 7 upper drawer,Cabinet7UpperDrawerBackOuterBody,-Y,5.800000000001091,439.4,100.0,41310.90318529421,7,74,profiles/Cabinet7UpperDrawerBackInnerBody.dxf
Cabinet7UpperDrawerBackOuterBody,Drawer back — outer006,Cabinet 7 upper drawer,Cabinet7UpperDrawerBackInnerBody,+Y,5.800000000008595,439.4,100.0,41310.903185263865,7,74,profiles/Cabinet7UpperDrawerBackOuterBody.dxf
Cabinet7UpperDrawerBottomBody,Drawer bottom — single ply006,Cabinet 7 upper drawer,,+Z,5.800000000000011,439.3999999999977,490.60000000000423,204607.8309649154,1,100,profiles/Cabinet7UpperDrawerBottomBody.dxf
Cabinet7UpperDrawerLowSlideLayer1Body,Drawer slide — low side — layer 011,Cabinet 7 upper drawer,Cabinet7UpperDrawerLowSlideLayer2Body,-X,5.800000000000001,471.19999999999993,25.4,11773.47881133287,3,6,profiles/Cabinet7UpperDrawerLowSlideLayer1Body.dxf
Cabinet7UpperDrawerLowSlideLayer2Body,Drawer slide — low side — layer 012,Cabinet 7 upper drawer,Cabinet7UpperDrawerLowSlideLayer1Body,+X,5.800000000000001,471.19999999999993,25.4,11773.478811332876,3,6,profiles/Cabinet7UpperDrawerLowSlideLayer2Body.dxf
Cabinet7UpperDrawerHighSlideLayer1Body,Drawer slide — high side — layer 011,Cabinet 7 upper drawer,Cabinet7UpperDrawerHighSlideLayer2Body,-X,5.800000000000011,471.19999999999993,25.4,11773.478811332858,3,6,profiles/Cabinet7UpperDrawerHighSlideLayer1Body.dxf
Cabinet7UpperDrawerHighSlideLayer2Body,Drawer slide — high side — layer 012,Cabinet 7 upper drawer,Cabinet7UpperDrawerHighSlideLayer1Body,+X,5.800000000000011,471.19999999999993,25.4,11773.47881133285,3,6,profiles/Cabinet7UpperDrawerHighSlideLayer2Body.dxf
Cabinet7UpperDrawerCabinetLowSupportLayer3Body,Cabinet 7 upper drawer cabinet lowsupport strip — layer 3,"Cabinet 7 — left bedside table, front away from wall",Cabinet7UpperDrawerCabinetLowSupportLayer4Body,-X,5.800000000000001,457.5999999999998,25.400000000000016,11428.038811332877,3,6,profiles/Cabinet7UpperDrawerCabinetLowSupportLayer3Body.dxf
Cabinet7UpperDrawerCabinetLowSupportLayer4Body,Cabinet 7 upper drawer cabinet lowsupport strip — layer 4,"Cabinet 7 — left bedside table, front away from wall",Cabinet7UpperDrawerCabinetLowSupportLayer3Body,+X,5.799999999999997,457.5999999999998,25.400000000000016,11428.038811332886,3,6,profiles/Cabinet7UpperDrawerCabinetLowSupportLayer4Body.dxf
Cabinet7UpperDrawerCabinetLowAntiTipLayer3Body,Cabinet 7 upper drawer cabinet lowantitip strip — layer 3,"Cabinet 7 — left bedside table, front away from wall",Cabinet7UpperDrawerCabinetLowAntiTipLayer4Body,-X,5.800000000000001,457.5999999999998,25.4,11428.038811332872,3,6,profiles/Cabinet7UpperDrawerCabinetLowAntiTipLayer3Body.dxf
Cabinet7UpperDrawerCabinetLowAntiTipLayer4Body,Cabinet 7 upper drawer cabinet lowantitip strip — layer 4,"Cabinet 7 — left bedside table, front away from wall",Cabinet7UpperDrawerCabinetLowAntiTipLayer3Body,+X,5.799999999999997,457.5999999999998,25.4,11428.038811332877,3,6,profiles/Cabinet7UpperDrawerCabinetLowAntiTipLayer4Body.dxf
Cabinet7UpperDrawerCabinetHighSupportLayer3Body,Cabinet 7 upper drawer cabinet highsupport strip — layer 3,"Cabinet 7 — left bedside table, front away from wall",Cabinet7UpperDrawerCabinetHighSupportLayer4Body,+X,5.800000000000011,457.5999999999998,25.400000000000016,11428.03881133286,3,6,profiles/Cabinet7UpperDrawerCabinetHighSupportLayer3Body.dxf
Cabinet7UpperDrawerCabinetHighSupportLayer4Body,Cabinet 7 upper drawer cabinet highsupport strip — layer 4,"Cabinet 7 — left bedside table, front away from wall",Cabinet7UpperDrawerCabinetHighSupportLayer3Body,-X,5.800000000000011,457.5999999999998,25.400000000000016,11428.03881133286,3,6,profiles/Cabinet7UpperDrawerCabinetHighSupportLayer4Body.dxf
Cabinet7UpperDrawerCabinetHighAntiTipLayer3Body,Cabinet 7 upper drawer cabinet highantitip strip — layer 3,"Cabinet 7 — left bedside table, front away from wall",Cabinet7UpperDrawerCabinetHighAntiTipLayer4Body,+X,5.800000000000011,457.5999999999998,25.4,11428.038811332852,3,6,profiles/Cabinet7UpperDrawerCabinetHighAntiTipLayer3Body.dxf
Cabinet7UpperDrawerCabinetHighAntiTipLayer4Body,Cabinet 7 upper drawer cabinet highantitip strip — layer 4,"Cabinet 7 — left bedside table, front away from wall",Cabinet7UpperDrawerCabinetHighAntiTipLayer3Body,-X,5.800000000000011,457.5999999999998,25.4,11428.038811332854,3,6,profiles/Cabinet7UpperDrawerCabinetHighAntiTipLayer4Body.dxf
Cabinet7UpperDrawerCabinetLowChannelBackLayer1Body,Cabinet 7 upper drawer cabinet low channel back — layer 1,"Cabinet 7 — left bedside table, front away from wall",Cabinet7UpperDrawerCabinetLowChannelBackLayer2Body,-X,5.799999999999999,457.5999999999999,79.20000000000003,34976.955185373234,7,14,profiles/Cabinet7UpperDrawerCabinetLowChannelBackLayer1Body.dxf
Cabinet7UpperDrawerCabinetLowChannelBackLayer2Body,Cabinet 7 upper drawer cabinet low channel back — layer 2,"Cabinet 7 — left bedside table, front away from wall",Cabinet7UpperDrawerCabinetLowChannelBackLayer1Body,+X,5.800000000000001,457.5999999999999,79.20000000000003,34976.95518537324,7,14,profiles/Cabinet7UpperDrawerCabinetLowChannelBackLayer2Body.dxf
Cabinet7UpperDrawerCabinetHighChannelBackLayer1Body,Cabinet 7 upper drawer cabinet high channel back — layer 1,"Cabinet 7 — left bedside table, front away from wall",Cabinet7UpperDrawerCabinetHighChannelBackLayer2Body,+X,5.800000000000011,457.5999999999999,79.20000000000003,34976.955185373175,7,14,profiles/Cabinet7UpperDrawerCabinetHighChannelBackLayer1Body.dxf
Cabinet7UpperDrawerCabinetHighChannelBackLayer2Body,Cabinet 7 upper drawer cabinet high channel back — layer 2,"Cabinet 7 — left bedside table, front away from wall",Cabinet7UpperDrawerCabinetHighChannelBackLayer1Body,-X,5.800000000000011,457.5999999999999,79.20000000000003,34976.95518537324,7,14,profiles/Cabinet7UpperDrawerCabinetHighChannelBackLayer2Body.dxf
Cabinet8UpperDrawerFaceOuterBody,Drawer face — outer007,Cabinet 8 upper drawer,Cabinet8UpperDrawerFaceInnerBody,-Y,5.7999999999999545,461.60000000000093,143.00000000000003,57223.62544702422,3,324,profiles/Cabinet8UpperDrawerFaceOuterBody.dxf
Cabinet8UpperDrawerFaceInnerBody,Drawer face — inner007,Cabinet 8 upper drawer,Cabinet8UpperDrawerFaceOuterBody,+Y,5.7999999999999545,461.600000000002,143.00000000000003,54868.24544702398,13,348,profiles/Cabinet8UpperDrawerFaceInnerBody.dxf
Cabinet8UpperDrawerSideLowOuterBody,Drawer side — lowouter007,Cabinet 8 upper drawer,Cabinet8UpperDrawerSideLowInnerBody,-X,5.800000000000182,490.60000000000014,100.0,46653.236814662974,7,70,profiles/Cabinet8UpperDrawerSideLowOuterBody.dxf
Cabinet8UpperDrawerSideLowInnerBody,Drawer side — lowinner007,Cabinet 8 upper drawer,Cabinet8UpperDrawerSideLowOuterBody,+X,5.800000000001091,490.6000000000006,100.0,46653.2368146818,7,70,profiles/Cabinet8UpperDrawerSideLowInnerBody.dxf
Cabinet8UpperDrawerSideHighInnerBody,Drawer side — highinner007,Cabinet 8 upper drawer,Cabinet8UpperDrawerSideHighOuterBody,-X,5.800000000000637,490.6000000000006,100.0,46653.236814669326,7,70,profiles/Cabinet8UpperDrawerSideHighInnerBody.dxf
Cabinet8UpperDrawerSideHighOuterBody,Drawer side — highouter007,Cabinet 8 upper drawer,Cabinet8UpperDrawerSideHighInnerBody,+X,5.800000000000637,490.6000000000008,100.0,46653.236814674245,7,70,profiles/Cabinet8UpperDrawerSideHighOuterBody.dxf
Cabinet8UpperDrawerBackInnerBody,Drawer back — inner007,Cabinet 8 upper drawer,Cabinet8UpperDrawerBackOuterBody,-Y,5.800000000001546,439.4000000000001,100.0,41310.903185294235,7,74,profiles/Cabinet8UpperDrawerBackInnerBody.dxf
Cabinet8UpperDrawerBackOuterBody,Drawer back — outer007,Cabinet 8 upper drawer,Cabinet8UpperDrawerBackInnerBody,+Y,5.8000000000017735,439.4000000000001,100.0,41310.90318528987,7,74,profiles/Cabinet8UpperDrawerBackOuterBody.dxf
Cabinet8UpperDrawerBottomBody,Drawer bottom — single ply007,Cabinet 8 upper drawer,,+Z,5.800000000000011,439.39999999999327,490.5999999999997,204607.8309649214,1,100,profiles/Cabinet8UpperDrawerBottomBody.dxf
Cabinet8UpperDrawerLowSlideLayer1Body,Drawer slide — low side — layer 013,Cabinet 8 upper drawer,Cabinet8UpperDrawerLowSlideLayer2Body,-X,5.800000000000182,471.19999999999993,25.4,11773.478811332629,3,6,profiles/Cabinet8UpperDrawerLowSlideLayer1Body.dxf
Cabinet8UpperDrawerLowSlideLayer2Body,Drawer slide — low side — layer 014,Cabinet 8 upper drawer,Cabinet8UpperDrawerLowSlideLayer1Body,+X,5.800000000000182,471.19999999999993,25.4,11773.478811332623,3,6,profiles/Cabinet8UpperDrawerLowSlideLayer2Body.dxf
Cabinet8UpperDrawerHighSlideLayer1Body,Drawer slide — high side — layer 013,Cabinet 8 upper drawer,Cabinet8UpperDrawerHighSlideLayer2Body,-X,5.800000000000182,471.19999999999993,25.4,11773.478811332623,3,6,profiles/Cabinet8UpperDrawerHighSlideLayer1Body.dxf
Cabinet8UpperDrawerHighSlideLayer2Body,Drawer slide — high side — layer 014,Cabinet 8 upper drawer,Cabinet8UpperDrawerHighSlideLayer1Body,+X,5.800000000000182,471.19999999999993,25.4,11773.478811332629,3,6,profiles/Cabinet8UpperDrawerHighSlideLayer2Body.dxf
Cabinet8UpperDrawerCabinetLowSupportLayer3Body,Cabinet 8 upper drawer cabinet lowsupport strip — layer 3,"Cabinet 8 — right bedside table, front away from wall",Cabinet8UpperDrawerCabinetLowSupportLayer4Body,-X,5.800000000000182,457.5999999999998,25.400000000000016,11428.03881133264,3,6,profiles/Cabinet8UpperDrawerCabinetLowSupportLayer3Body.dxf
Cabinet8UpperDrawerCabinetLowSupportLayer4Body,Cabinet 8 upper drawer cabinet lowsupport strip — layer 4,"Cabinet 8 — right bedside table, front away from wall",Cabinet8UpperDrawerCabinetLowSupportLayer3Body,+X,5.800000000000182,457.5999999999998,25.400000000000016,11428.038811332643,3,6,profiles/Cabinet8UpperDrawerCabinetLowSupportLayer4Body.dxf
Cabinet8UpperDrawerCabinetLowAntiTipLayer3Body,Cabinet 8 upper drawer cabinet lowantitip strip — layer 3,"Cabinet 8 — right bedside table, front away from wall",Cabinet8UpperDrawerCabinetLowAntiTipLayer4Body,-X,5.800000000000182,457.5999999999998,25.4,11428.038811332633,3,6,profiles/Cabinet8UpperDrawerCabinetLowAntiTipLayer3Body.dxf
Cabinet8UpperDrawerCabinetLowAntiTipLayer4Body,Cabinet 8 upper drawer cabinet lowantitip strip — layer 4,"Cabinet 8 — right bedside table, front away from wall",Cabinet8UpperDrawerCabinetLowAntiTipLayer3Body,+X,5.800000000000182,457.5999999999998,25.4,11428.038811332635,3,6,profiles/Cabinet8UpperDrawerCabinetLowAntiTipLayer4Body.dxf
Cabinet8UpperDrawerCabinetHighSupportLayer3Body,Cabinet 8 upper drawer cabinet highsupport strip — layer 3,"Cabinet 8 — right bedside table, front away from wall",Cabinet8UpperDrawerCabinetHighSupportLayer4Body,+X,5.800000000000182,457.5999999999998,25.400000000000016,11428.03881133264,3,6,profiles/Cabinet8UpperDrawerCabinetHighSupportLayer3Body.dxf
Cabinet8UpperDrawerCabinetHighSupportLayer4Body,Cabinet 8 upper drawer cabinet highsupport strip — layer 4,"Cabinet 8 — right bedside table, front away from wall",Cabinet8UpperDrawerCabinetHighSupportLayer3Body,-X,5.800000000000182,457.5999999999998,25.400000000000016,11428.03881133264,3,6,profiles/Cabinet8UpperDrawerCabinetHighSupportLayer4Body.dxf
Cabinet8UpperDrawerCabinetHighAntiTipLayer3Body,Cabinet 8 upper drawer cabinet highantitip strip — layer 3,"Cabinet 8 — right bedside table, front away from wall",Cabinet8UpperDrawerCabinetHighAntiTipLayer4Body,+X,5.800000000000182,457.5999999999998,25.4,11428.03881133263,3,6,profiles/Cabinet8UpperDrawerCabinetHighAntiTipLayer3Body.dxf
Cabinet8UpperDrawerCabinetHighAntiTipLayer4Body,Cabinet 8 upper drawer cabinet highantitip strip — layer 4,"Cabinet 8 — right bedside table, front away from wall",Cabinet8UpperDrawerCabinetHighAntiTipLayer3Body,-X,5.800000000000182,457.5999999999998,25.4,11428.03881133263,3,6,profiles/Cabinet8UpperDrawerCabinetHighAntiTipLayer4Body.dxf
Cabinet8UpperDrawerCabinetLowChannelBackLayer1Body,Cabinet 8 upper drawer cabinet low channel back — layer 1,"Cabinet 8 — right bedside table, front away from wall",Cabinet8UpperDrawerCabinetLowChannelBackLayer2Body,-X,5.800000000000182,457.5999999999999,79.20000000000003,34976.95518537254,7,14,profiles/Cabinet8UpperDrawerCabinetLowChannelBackLayer1Body.dxf
Cabinet8UpperDrawerCabinetLowChannelBackLayer2Body,Cabinet 8 upper drawer cabinet low channel back — layer 2,"Cabinet 8 — right bedside table, front away from wall",Cabinet8UpperDrawerCabinetLowChannelBackLayer1Body,+X,5.800000000000182,457.5999999999999,79.20000000000003,34976.9551853725,7,14,profiles/Cabinet8UpperDrawerCabinetLowChannelBackLayer2Body.dxf
Cabinet8UpperDrawerCabinetHighChannelBackLayer1Body,Cabinet 8 upper drawer cabinet high channel back — layer 1,"Cabinet 8 — right bedside table, front away from wall",Cabinet8UpperDrawerCabinetHighChannelBackLayer2Body,+X,5.800000000000182,457.5999999999999,79.20000000000003,34976.955185372535,7,14,profiles/Cabinet8UpperDrawerCabinetHighChannelBackLayer1Body.dxf
Cabinet8UpperDrawerCabinetHighChannelBackLayer2Body,Cabinet 8 upper drawer cabinet high channel back — layer 2,"Cabinet 8 — right bedside table, front away from wall",Cabinet8UpperDrawerCabinetHighChannelBackLayer1Body,-X,5.800000000000182,457.5999999999999,79.20000000000003,34976.955185372564,7,14,profiles/Cabinet8UpperDrawerCabinetHighChannelBackLayer2Body.dxf
